time,angle_deg,tsr,cp,cd,ct,cd_blade1,ct_blade1,cd_blade2,ct_blade2,cd_blade3,ct_blade3
1200.5,27.28370453,6,-0.0454834753102,0.127420013089,-0.00758057921837,0.0347549536865,-0.00354883906051,0.0491553815989,-0.00168940429127,0.0434473334573,-0.0023423358666
1201,54.5674090601,6,0.0254202841241,0.259551001447,0.00423671402069,0.0711791385185,-0.000658946522118,0.103910608658,0.00380787616142,0.0843985360756,0.00108778438138
1201.5,81.8511135901,6,0.0239309988486,0.25763802892,0.00398849980811,0.0724924157989,-0.000510781617099,0.102454087504,0.00367509794843,0.0826288028734,0.00082418347678
1202,109.13481812,6,0.023377413357,0.258119239552,0.00389623555949,0.0820553364202,0.00068010178234,0.095611880395,0.00269085954183,0.0803892770617,0.000525274235318
1202.5,136.41852265,6,0.0246501805349,0.259913494118,0.00410836342248,0.0937907029724,0.00226574110955,0.0892351382437,0.00178904298879,0.0768248822658,5.35793241448e-05
1203,163.70222718,6,0.0252851970095,0.259712352937,0.00421419950158,0.10242993358,0.00354902527823,0.0851435288884,0.00119649211286,0.0720761076331,-0.000531317889516
1203.5,190.98593171,6,0.0245298670026,0.258240287167,0.00408831116711,0.104008284021,0.00387780325545,0.0831029987857,0.000892867838776,0.0710662203754,-0.000682359927123
1204,218.26963624,6,0.0232070847062,0.257509429253,0.00386784745103,0.0985291957765,0.00311123856824,0.0813827600941,0.000653766865805,0.0775346901394,0.000102842016983
1204.5,245.55334077,6,0.0238896955597,0.258912438733,0.00398161592661,0.0915727171633,0.00211972375724,0.0780470721568,0.000217633045521,0.0892298610761,0.00164425912385
1205,272.8370453,6,0.0248925986832,0.259712465433,0.0041487664472,0.0863066666889,0.00137554175348,0.0738213265121,-0.000319136150313,0.0995216727598,0.00309236084404
1205.5,300.12074983,6,0.0250706833526,0.258912111486,0.00417844722543,0.0836218017731,0.000979900674965,0.0708201475138,-0.000703078392055,0.104407346392,0.00390162494252
1206,327.40445436,6,0.0231846939278,0.257002155397,0.00386411565463,0.0820352991791,0.000737448268341,0.0737649149438,-0.000361118829125,0.101139106474,0.00348778621541
1206.5,354.688158891,6,0.023474137858,0.258383381652,0.00391235630967,0.079885144294,0.000460143436266,0.0843498199562,0.000980265801522,0.0940855657087,0.00247194707188
1207,381.971863421,6,0.0245489368984,0.259674782512,0.00409148948306,0.075731854064,-9.16036029935e-05,0.0958799432467,0.00256307340248,0.088000132593,0.00162001968357
1207.5,409.255567951,6,0.0250435325289,0.259249725412,0.00417392208815,0.0715532718121,-0.000608100244759,0.103206435313,0.00368376448861,0.0844271732254,0.0010982578443
1208,436.539272481,6,0.0238353249857,0.257290031509,0.00397255416429,0.0714831250932,-0.0006240491239,0.103126759177,0.00376808469541,0.0826173007228,0.000828518592774
1208.5,463.822977011,6,0.0227098437142,0.257015002576,0.00378497395237,0.0795239295632,0.000361304327003,0.096906920191,0.00287935062691,0.080521286042,0.000544318998452
1209,491.106681541,6,0.0238034238551,0.258813345308,0.00396723730919,0.0915210613923,0.00195258988049,0.0900242595775,0.00190456336023,0.077205130471,0.00011008406847
1209.5,518.390386071,6,0.0247805985414,0.259371326978,0.0041300997569,0.10105475715,0.0033209613546,0.0854315877042,0.0012500094838,0.0728220718408,-0.000440871081505
1210,545.674090601,6,0.0246100903117,0.258285840464,0.00410168171862,0.104485168844,0.00393123694864,0.0831660141869,0.000905835137326,0.0705717450232,-0.000735390367342
1210.5,572.957795131,6,0.022727089978,0.256694096691,0.00378784832967,0.0997126276023,0.00327951127042,0.0814539903844,0.000660458931148,0.0754645682981,-0.000152121871897
1211,600.241499661,6,0.0232777053205,0.258143768229,0.00387961755342,0.0925243947635,0.00225970159237,0.0787937166642,0.000318580817123,0.0867627409983,0.00130133514393
1211.5,627.525204191,6,0.0243317011738,0.259222928024,0.00405528352897,0.0868273929263,0.00145317508751,0.0745691687231,-0.000230472324436,0.0977634402538,0.0028325807659
1212,654.808908721,6,0.0247811394907,0.258700592019,0.00413018991512,0.0838731779413,0.00101917759394,0.071083286552,-0.000667587752113,0.103681185677,0.00377860007329
1212.5,682.092613251,6,0.023297538145,0.256857418947,0.00388292302417,0.0820816611729,0.0007531259394,0.0725375470822,-0.00050531010834,0.102175249218,0.00363510719311
1213,709.376317781,6,0.0226091666993,0.257138543221,0.00376819444988,0.0798660737797,0.000457812084881,0.0819985313848,0.000674738378476,0.095210957869,0.00263564398652
1213.5,736.660022311,6,0.0239179663555,0.258945362165,0.00398632772592,0.0764691320059,8.75040752127e-06,0.0936637637188,0.0022512754574,0.0887494795925,0.001726301861
1214,763.943726841,6,0.0246733805966,0.258928857511,0.00411223009943,0.0719367207441,-0.000548708531593,0.102246518496,0.00352566157624,0.0846826358365,0.00113527705478
1214.5,791.227431371,6,0.0239362494497,0.257470104499,0.00398937490828,0.0710649996629,-0.000680716073959,0.103753164224,0.00384339134266,0.0825889573677,0.000826699639575
1215,818.511135901,6,0.0224662885454,0.256570581011,0.00374438142423,0.0775048275876,0.000101002041557,0.0981673005104,0.00306056206441,0.0808354523361,0.000582817318261
1215.5,845.794840431,6,0.0231479546813,0.257950170016,0.00385799244689,0.0891267579875,0.00163250824319,0.0911360390961,0.00206113913743,0.0776243439258,0.000164345066266
1216,873.078544961,6,0.0242755171603,0.258905897032,0.00404591952672,0.0993833590829,0.0030742527452,0.0858820834894,0.00131941001796,0.0735774039051,-0.000347743236446
1216.5,900.362249491,6,0.0245408020094,0.258215133883,0.00409013366823,0.104228482644,0.0038780322776,0.083140052004,0.000917885559519,0.0707835417971,-0.000705784168888
1217,927.645954021,6,0.0225608644935,0.256223928887,0.00376014408225,0.100847161549,0.00344675465834,0.0815104499497,0.000669210432056,0.0738032599051,-0.000355821008149
1217.5,954.929658551,6,0.0227708199687,0.257477319423,0.00379513666146,0.0937026606523,0.00241996366354,0.0794122237191,0.000400326416415,0.0842993701964,0.000974846581504
1218,982.213363081,6,0.0239145566113,0.258832644246,0.00398575943522,0.0875617459524,0.00156183820329,0.0754209661458,-0.00012863662214,0.0957868553886,0.00255255785406
1218.5,1009.49706761,6,0.0245017992878,0.258544364041,0.00408363321463,0.0839809835304,0.0010402474159,0.0714604009761,-0.000618208239888,0.10303988556,0.00366159403862
1219,1036.78077214,6,0.023319476222,0.256629216013,0.00388657937033,0.0821368217728,0.000766481752795,0.0715312916538,-0.00061671428901,0.102897986345,0.00373681190655
1219.5,1064.06447667,6,0.022057829903,0.256179666998,0.00367630498383,0.0800286473317,0.000481549346411,0.0795069947801,0.000360944681485,0.0965808853751,0.00283381095593
1220,1091.3481812,6,0.023206111947,0.258023023258,0.00386768532449,0.0768508611442,6.67656673289e-05,0.0914461764646,0.00194395437417,0.0896628321381,0.00185696528299
1220.5,1118.63188573,6,0.0242408307302,0.258660118638,0.00404013845504,0.072640400564,-0.000462272713085,0.100928051545,0.00330512552249,0.0850285114802,0.00119728564563
1221,1145.91559026,6,0.0241354025473,0.257659489044,0.00402256709121,0.0705624460284,-0.000734330060846,0.104295036408,0.00390577405783,0.0827388495404,0.00085112309422
1221.5,1173.19929479,6,0.0222138986206,0.256040812677,0.00370231643676,0.0755517245903,-0.000139588977413,0.0994397716715,0.00324177667327,0.0809861425547,0.000600128740911
1222,1200.48299932,6,0.0226386873832,0.257292740094,0.00377311456387,0.0866994614368,0.00129586667836,0.0921755684349,0.002213235833,0.0783545044676,0.000264012052507
1222.5,1227.76670385,6,0.0237953474151,0.258507720437,0.00396589123585,0.0976623615157,0.00282061528549,0.0864491849806,0.00140271612879,0.0743329411236,-0.000257440178429
1223,1255.05040838,6,0.0243487128036,0.258113642803,0.00405811880061,0.103531859068,0.00375972944416,0.0834741296439,0.000967831969715,0.0710444088887,-0.000669442613273
1223.5,1282.33411291,6,0.0228596989806,0.25630917103,0.0038099498301,0.101969652567,0.00360643575876,0.0816454169831,0.000697602069381,0.0726308524327,-0.00049408799804
1224,1309.61781744,6,0.0220672618753,0.25643222992,0.00367787697921,0.0949142702951,0.00259611680903,0.07944270136,0.000404551061854,0.082012000623,0.000677209108328
1224.5,1336.90152197,6,0.0233901848763,0.258230792903,0.00389836414606,0.088391068915,0.00168125574334,0.0761797091028,-2.71171603776e-05,0.0935967410942,0.00224422556309
1225,1364.1852265,6,0.0242566569488,0.258378176323,0.00404277615814,0.0843313879385,0.00108981820596,0.0718468246014,-0.000559437293894,0.102136668932,0.00351239524608
1225.5,1391.46893103,6,0.0235540679303,0.25695757021,0.00392567798839,0.0821887236883,0.00077630563377,0.0711229065541,-0.000671918581459,0.103582619914,0.00382129093608
1226,1418.75263556,6,0.0219747571418,0.255921236405,0.00366245952364,0.0804028342607,0.000528361539094,0.0775421102294,0.000107923049054,0.0979129465002,0.00302617493549
1226.5,1446.03634009,6,0.0226222865042,0.257249107823,0.00377038108404,0.0772905901841,0.000123519533968,0.0890899859867,0.00162955686688,0.0908051675526,0.00201730468319
1227,1473.32004462,6,0.0238651807061,0.258342634416,0.00397753011769,0.0733903366799,-0.000368283367284,0.0993133952056,0.0030658115338,0.0855755314551,0.00128000195118
1227.5,1500.60374915,6,0.0242060009357,0.257747844585,0.00403433348929,0.070793472695,-0.000701870562627,0.104127489899,0.00386561091497,0.0827635065471,0.000870593136942
1228,1527.88745368,6,0.0221738405001,0.255725602106,0.00369564008335,0.0739055069808,-0.000342183644571,0.100650436384,0.00341999708563,0.0811062666462,0.000617826642289
1228.5,1555.17115821,6,0.022318850077,0.256868826786,0.00371980834616,0.0843321762246,0.000980667579915,0.0934358632682,0.00238489443773,0.0790373610305,0.000354246328515
1229,1582.45486274,6,0.0234834173283,0.258241548926,0.00391390288804,0.0957622698511,0.00255136326825,0.0872413087996,0.00151944182235,0.075174512751,-0.000156902202556
1229.5,1609.73856727,6,0.0241432512266,0.258054537257,0.00402387520443,0.102946732787,0.0036500529652,0.0836379747063,0.000996357431084,0.0714063551055,-0.000622535191856
1230,1637.0222718,6,0.0230215061771,0.25624346408,0.00383691769618,0.102764731831,0.00371924848117,0.0817773491004,0.000720056935018,0.0716379011414,-0.000602387720007
1230.5,1664.30597633,6,0.0216486978805,0.255634767949,0.00360811631342,0.0963607391077,0.00280403185821,0.0796444457406,0.000433712780628,0.0795660905813,0.000370371674581
1231,1691.58968086,6,0.0227885421041,0.257451814747,0.00379809035068,0.0893877635066,0.0018214171374,0.07656577899,3.25556008347e-05,0.0914347603433,0.00194411761244
1231.5,1718.87338539,6,0.0238813712809,0.258162444718,0.00398022854681,0.0847171513633,0.00115750414813,0.0725127471997,-0.000476284708338,0.100869009785,0.00329900910702
1232,1746.15708992,6,0.0238617129335,0.257281738386,0.00397695215559,0.0824092860752,0.000809914868133,0.0706264504244,-0.000724412351537,0.104182438281,0.003891449639
1232.5,1773.44079445,6,0.0219201590383,0.255647564244,0.00365335983972,0.0806167211439,0.000553896971769,0.0757067216276,-0.00011845275591,0.0992605308259,0.00321791562387
1233,1800.72449898,6,0.0222094806562,0.256694970623,0.00370158010937,0.077999111288,0.000220932480768,0.0867135227594,0.00130096038263,0.0919187229793,0.00217968724597
1233.5,1828.00820351,6,0.0234390156419,0.258007774578,0.00390650260699,0.0741521704123,-0.000276930525937,0.0976229227974,0.00281729751522,0.0861690569115,0.00136613561771
1234,1855.29190804,6,0.0240787324641,0.25771889688,0.00401312207735,0.071046602877,-0.000665958668665,0.10344611642,0.00375006796748,0.0831625474503,0.000929012778535
1234.5,1882.57561257,6,0.0225969481175,0.255978752036,0.00376615801958,0.0727772568791,-0.000476546445712,0.101835992057,0.0035885341465,0.0813018568863,0.000654170318793
1235,1909.8593171,6,0.0217094512199,0.255956122125,0.00361824186999,0.0820934506011,0.000688498676989,0.0946909342495,0.00256644996288,0.079108058039,0.000363293230125
1235.5,1937.14302163,6,0.0230135044957,0.257709679031,0.00383558408262,0.0935867944114,0.00224481499649,0.0881038976059,0.001645072653,0.07595527163,-5.43035668664e-05
1236,1964.42672616,6,0.0239862015252,0.25799860831,0.00399770025419,0.10208353021,0.00350732456017,0.0840541401981,0.00105459372892,0.0717971997972,-0.000564218034895
1236.5,1991.71043069,6,0.0233045331786,0.256603633303,0.00388408886309,0.103474500591,0.00380814018949,0.0818749391604,0.000736917333843,0.0711904455762,-0.000660968660241
1237,2018.99413522,6,0.0216614781323,0.255486355163,0.00361024635538,0.097731196347,0.00300214627956,0.0800547351277,0.000485457818839,0.0776366662621,0.000122642256978
1237.5,2046.27783975,6,0.0222661192955,0.256757112096,0.00371101988259,0.090556434795,0.00198474208657,0.0770267315155,9.19890273418e-05,0.0891101695002,0.00163428876868
1238,2073.56154428,6,0.023582950576,0.257936245394,0.00393049176267,0.0853291432006,0.0012485899322,0.0732524317463,-0.000382423781222,0.0992908683055,0.0030643256117
1238.5,2100.84524881,6,0.0240010461815,0.257441790582,0.00400017436359,0.0824626309689,0.000833370720178,0.070839324013,-0.00069348080716,0.104076004986,0.00386028445057
1239,2128.12895334,6,0.0219390214097,0.255408798914,0.00365650356828,0.0807836622373,0.000577503901063,0.0740526407505,-0.000322252422278,0.10050863711,0.00340125208949
1239.5,2155.41265787,6,0.0219978780146,0.256424795764,0.00366631300243,0.0787320758287,0.000317444367928,0.0844109174076,0.000992955765113,0.0932179176752,0.00235591286939
1240,2182.6963624,6,0.0231573669511,0.257787004498,0.00385956115851,0.0749770421398,-0.000178768600845,0.0957533220859,0.00255213282366,0.0869927425221,0.0014861969357
1240.5,2209.98006693,6,0.0238922488549,0.257698811986,0.00398204147581,0.0713777963757,-0.000623977260361,0.102897264697,0.00364479251532,0.0833598473108,0.000961226220851
1241,2237.26377146,6,0.0228389560504,0.25599710235,0.00380649267506,0.0717713441694,-0.00058467445027,0.102678515923,0.00370853797911,0.0814833241705,0.000682629146219
1241.5,2264.54747599,6,0.0213575789049,0.255234225438,0.00355959648416,0.0796615173238,0.000384600537142,0.0961810925124,0.00278010961409,0.0793276657016,0.000394886332921
1242,2291.83118052,6,0.0224760581356,0.257009657038,0.00374600968927,0.0914606493451,0.00194956306869,0.0891524762538,0.00179118269605,0.0763325421187,5.26392453227e-06
1242.5,2319.11488505,6,0.0236285500203,0.257790795898,0.00393809167005,0.100851564137,0.00329893614023,0.0844580012392,0.00112509151937,0.0724172135316,-0.000485935989554
1243,2346.39858958,6,0.0236921500189,0.257029692772,0.00394869166982,0.104102388716,0.00388177507545,0.0821334586006,0.000776221419296,0.0707298160835,-0.000709304824933
1243.5,2373.68229411,6,0.0217155164888,0.255366977327,0.00361925274813,0.0991205275469,0.00319957732858,0.080317342549,0.000517139504484,0.075865069767,-9.74640849285e-05
1244,2400.96599864,6,0.0218912860653,0.256239254361,0.00364854767755,0.0917042504498,0.00215196688062,0.0776995499268,0.00018520929977,0.0867713986847,0.00131137149716
1244.5,2428.24970317,6,0.0231842009802,0.257633404111,0.00386403349669,0.0859310550901,0.00133549686729,0.0740141681666,-0.000291176791903,0.0976240997802,0.0028197134213
1245,2455.5334077,6,0.0238763570362,0.257409534086,0.00397939283937,0.0828878183638,0.000894608048444,0.0710669508947,-0.000659933272523,0.10339065493,0.00374471806345
1245.5,2482.81711223,6,0.0223929544975,0.255716722289,0.00373215908291,0.0809912002162,0.000614882899075,0.0729368911841,-0.000456683184988,0.101724491403,0.00357395936882
1246,2510.10081676,6,0.0214643358321,0.255611538019,0.00357738930535,0.0788387057608,0.000330389178152,0.0821967971762,0.000703750098409,0.0945118687504,0.00254325002879
1246.5,2537.38452129,6,0.0227366354871,0.257316425153,0.00378943924785,0.0757772784076,-7.54877781513e-05,0.0936070118137,0.00224945695719,0.0878679513744,0.00161547006881
1247,2564.66822582,6,0.023782242719,0.257699822557,0.00396370711984,0.071765089566,-0.00056654016242,0.102057281696,0.00350602277398,0.0838132595825,0.00102422450828
1247.5,2591.95193035,6,0.0231378322384,0.256358704842,0.00385630537306,0.071278030381,-0.000647503446634,0.103389535203,0.0037980946374,0.0816269347971,0.000705714182299
1248,2619.23563488,6,0.0214334126727,0.255158641053,0.00357223544546,0.0777549479865,0.000140630989755,0.0975792656061,0.00298188021456,0.0797601944105,0.000449724241146
1248.5,2646.51933941,6,0.0220019987647,0.256381057671,0.00366699979411,0.0891584134771,0.0016431188872,0.0903473964884,0.00195716024545,0.0768109750371,6.67206614596e-05
1249,2673.80304394,6,0.0233722281091,0.257629342858,0.00389537135151,0.0992946970659,0.00306662254081,0.0851189652747,0.00122081883185,0.0731513762207,-0.000392070021153
1249.5,2701.08674847,6,0.0238633320304,0.257224724633,0.00397722200506,0.10404061198,0.0038572147393,0.0822166998538,0.000802754503825,0.0709030933005,-0.000682747238069
1250,2728.370453,6,0.0217582784671,0.255163629743,0.00362637974452,0.10037851756,0.00338360622393,0.0805117645314,0.000543755057024,0.0742090201886,-0.000300981536429
1250.5,2755.65415753,6,0.0217609094759,0.256082302635,0.00362681824599,0.0930275801468,0.0023313650535,0.0784797165042,0.000287399044577,0.084510661562,0.00100805414791
1251,2782.93786206,6,0.0229012601408,0.257424689497,0.00381687669014,0.086783531589,0.00145791427829,0.0748167416232,-0.000195930688205,0.0957600481712,0.00255489310005
1251.5,2810.22156659,6,0.0237053842035,0.257422807532,0.00395089736725,0.0831228124973,0.000931377674484,0.0713700016099,-0.000622507458419,0.102865597336,0.00364202715119
1252,2837.50527112,6,0.0227093655221,0.255816658462,0.00378489425368,0.0812373901874,0.000651502097366,0.071914067336,-0.000565588344221,0.10260077497,0.00369898050054
1252.5,2864.78897565,6,0.0211219374846,0.254905194144,0.0035203229141,0.0790597422268,0.000362289260501,0.0797703692863,0.000400337747593,0.0960106285224,0.00275769590601
1253,2892.07268018,6,0.0222497468967,0.25667801131,0.00370829114946,0.0761462480501,-1.59708123136e-05,0.0915167182585,0.00195897111991,0.0889505697907,0.00176529084186
1253.5,2919.35638471,6,0.0234481062545,0.257504662244,0.00390801770908,0.072347545404,-0.000492051604988,0.100856772699,0.00330240577567,0.0842358587054,0.0010976635384
1254,2946.64008924,6,0.0235721300095,0.256848729424,0.00392868833491,0.0708622303182,-0.000690739010711,0.104029887613,0.00387316299591,0.0818921151332,0.000746264349715
1254.5,2973.92379377,6,0.0215424284766,0.25513228893,0.0035904047461,0.0760137470081,-7.85718103882e-05,0.0989909559901,0.00318268362645,0.0800630657217,0.000486292930044
1255,3001.2074983,6,0.0216340709685,0.255865621134,0.00360567849476,0.0868536547212,0.00132467961479,0.09150042746,0.00212553708575,0.0774469805439,0.000155461794214
1255.5,3028.49120283,6,0.0229874574627,0.257337688574,0.00383124291045,0.0976430854868,0.00282430156127,0.0857207156813,0.00130851386742,0.0739092951466,-0.000301572518243
1256,3055.77490736,6,0.0237265198137,0.257170554547,0.00395441996896,0.103352424353,0.00374166296696,0.0826508049433,0.00086510606838,0.0711027157901,-0.000652349066383
1256.5,3083.05861189,6,0.0222326386221,0.255506837608,0.00370543977035,0.101618424075,0.00356016747774,0.0807294132286,0.000581995914792,0.0730943826921,-0.000436723622183
1257,3110.34231642,6,0.0212647469583,0.255326026146,0.00354412449305,0.0943438158175,0.00252144547363,0.0786171012986,0.000303613326219,0.0823004779745,0.000719065693196
1257.5,3137.62602095,6,0.0225240643552,0.257008469616,0.00375401072586,0.0876579426552,0.00158928541764,0.075636927756,-9.18847427479e-05,0.0936489449846,0.00225661005096
1258,3164.90972548,6,0.0236274171797,0.257463989273,0.00393790286328,0.0835977411604,0.000997264291987,0.0717567526474,-0.000565802164487,0.102044813516,0.00350644073578
1258.5,3192.19343001,6,0.0230179143267,0.256183828627,0.00383631905445,0.0814166568518,0.000679617545754,0.0713939539647,-0.00063168583944,0.103308507109,0.00378838734813
1259,3219.47713454,6,0.0212513963816,0.254894385419,0.00354189939693,0.0795131173683,0.000420111287352,0.0778787964383,0.000158865646695,0.0974377339745,0.00296292246288
1259.5,3246.76083907,6,0.0217695667441,0.256052524792,0.00362826112401,0.0766358596521,4.62617090128e-05,0.0892134847678,0.00165215656658,0.0901384212629,0.00192984284842
1260,3274.0445436,6,0.0231977585909,0.257375303395,0.00386629309848,0.0730679847389,-0.000399093422336,0.0993104898571,0.00307020497218,0.0849320583333,0.00119518154864
1260.5,3301.32824813,6,0.0237547031878,0.2570492348,0.00395911719797,0.0709613070232,-0.000672565994214,0.104012038271,0.00385495837025,0.0820111103132,0.000776724821935
1261,3328.61195266,6,0.0216295216085,0.254982415753,0.00360492026808,0.0743642463894,-0.000279897906403,0.100261215357,0.00336760225528,0.0802921549898,0.000517215919201
1261.5,3355.89565719,6,0.0215738314564,0.255807596298,0.00359563857607,0.0846244140892,0.00102433688904,0.0928458816769,0.00230823425337,0.0782724652254,0.000263067433662
1262,3383.17936172,6,0.0226926719331,0.257123148413,0.00378211198885,0.095780909004,0.00255941671013,0.0865890309847,0.0014317843252,0.0746883397908,-0.000209089046476
1262.5,3410.46306625,6,0.0235532078935,0.25719457649,0.00392553464891,0.102845019459,0.00364069867977,0.0829155752833,0.000904992057914,0.071369094668,-0.000620156088769
1263,3437.74677078,6,0.022596548756,0.255658433999,0.00376609145933,0.10252436073,0.00368947154343,0.0810274010938,0.000624815798084,0.072041777185,-0.000548195882182
1263.5,3465.03047531,6,0.0209376083062,0.254645846561,0.00348960138436,0.0958481493085,0.00273642439068,0.0788410453496,0.00033585047346,0.0798917459251,0.00041732652022
1264,3492.31417985,6,0.022074835715,0.25641908771,0.00367913928584,0.0887707630524,0.00174224521107,0.0759971210689,-3.26075979361e-05,0.0915862751391,0.0019695016727
1264.5,3519.59788438,6,0.0233275404166,0.257289135645,0.00388792340276,0.0840452356201,0.00107458361348,0.0723044088847,-0.000494093196945,0.100874535453,0.00330743298623
1265,3546.88158891,6,0.0234554965872,0.256679951409,0.00390924943119,0.0816824642092,0.000720149821118,0.0709709321517,-0.000675910056042,0.1039615715,0.00386500966612
1265.5,3574.16529344,6,0.0214062747038,0.254949473289,0.00356771245064,0.0798484054274,0.000460582644036,0.0761708137292,-5.91746461564e-05,0.0988652456536,0.00316630445276
1266,3601.44899797,6,0.0214230812836,0.255555918104,0.00357051354727,0.0772354526896,0.000130843957927,0.0869469058633,0.00133923928674,0.0913085298151,0.0021004303026
1266.5,3628.7327025,6,0.0228409715766,0.257106186812,0.00380682859609,0.0738291958771,-0.000308911088329,0.0976785820906,0.00283102600451,0.0855333671149,0.00128471367991
1267,3656.01640703,6,0.0236131190396,0.256985356576,0.00393551983994,0.0711443167076,-0.000644255062506,0.10332389363,0.0037396627877,0.0824520978001,0.000840112114742
1267.5,3683.30011156,6,0.0220996699539,0.255329386334,0.00368327832565,0.0732388109054,-0.000418141227774,0.10151433167,0.0035466201598,0.0805111788838,0.000554799393624
1268,3710.58381609,6,0.0211083437561,0.255096312291,0.00351805729269,0.0824024266985,0.000733965016253,0.0941867197807,0.00250107798778,0.0784420689182,0.00028301428865
1268.5,3737.86752062,6,0.0223555035524,0.256756037706,0.00372591725874,0.0936995260298,0.00226487221524,0.0874742477707,0.00156664649122,0.0755171320911,-0.000105601447729
1269,3765.15122515,6,0.0235123977626,0.257280863991,0.00391873296044,0.102046094963,0.00350839873343,0.0834068920417,0.000973496058991,0.0717627242086,-0.00056316183198
1269.5,3792.43492968,6,0.0229062932869,0.256025061427,0.00381771554782,0.103232105173,0.00377911864003,0.0812300603763,0.000656313397451,0.0714977357677,-0.000617716489659
1270,3819.71863421,6,0.0211190236827,0.254696871808,0.00351983728044,0.0973079764363,0.00294570669022,0.0793137685279,0.000396543911444,0.0780099594959,0.00017758667878
1270.5,3847.00233874,6,0.0215698691117,0.2557687574,0.00359497818528,0.0899300892342,0.00190283604443,0.0764944844352,2.98669914233e-05,0.0892789977565,0.00166227514943
1271,3874.28604327,6,0.023073509828,0.257194688578,0.00384558497134,0.0847663070762,0.00117184826626,0.0730209480306,-0.000402252894536,0.099342221421,0.00307598959961
1271.5,3901.5697478,6,0.0236757437129,0.256918836426,0.00394595728548,0.0818438728332,0.00075519704314,0.0710228874392,-0.000662284392061,0.10398683777,0.0038530446344
1272,3928.85345233,6,0.0215297324263,0.254838355922,0.00358828873772,0.0801067726833,0.000495197525383,0.0745130874331,-0.000259739240416,0.100153233426,0.00335283045275
1272.5,3956.13715686,6,0.0214407889924,0.255597830382,0.00357346483207,0.0781033513945,0.00024348931832,0.0847483237011,0.00104219765057,0.0926808711777,0.00228777786318
1273,3983.42086139,6,0.0225328737355,0.256884821383,0.00375547895592,0.0745851232221,-0.00021877584777,0.0958116295174,0.00256508239161,0.0864227739379,0.00140917241208
1273.5,4010.70456592,6,0.023444300153,0.25701834152,0.00390738335884,0.0713792282903,-0.000615986642471,0.102836475324,0.00364100167178,0.0827373385189,0.000882368329532
1274,4037.98827045,6,0.0224911390097,0.255510112205,0.00374852316828,0.0721660684849,-0.0005313331952,0.102437990456,0.00367822855266,0.0808407412501,0.000601627810826
1274.5,4065.27197498,6,0.0208020515322,0.254453865008,0.00346700858869,0.080018623829,0.000434609864736,0.0957064221813,0.00271759294998,0.0786634784784,0.000314805773977
1275,4092.55567951,6,0.0219380189706,0.256221449475,0.00365633649509,0.0916647187601,0.00198063269776,0.0886002523538,0.00172015507603,0.0758911014942,-4.44512787008e-05
1275.5,4119.83938404,6,0.0232402373907,0.257119134311,0.00387337289846,0.100898888311,0.00331308670956,0.0838806678312,0.00105478256549,0.0722741776095,-0.0004944963766
1276,4147.12308857,6,0.0233586547755,0.25653774059,0.00389310912925,0.103896810197,0.00385719624181,0.0815018674582,0.000697698345655,0.0710736543129,-0.000661785458211
1276.5,4174.4067931,6,0.0212996779624,0.254806982635,0.00354994632707,0.0987424444374,0.00315006406827,0.0796735477283,0.000439825811181,0.0763255783932,-3.99435523799e-05
1277,4201.69049763,6,0.0212505312999,0.255301463818,0.00354175521665,0.0911324253829,0.00207701518009,0.0770573740178,0.000110333686329,0.0870462379415,0.00135440635023
1277.5,4228.97420216,6,0.0227241818239,0.256915792174,0.00378736363731,0.0853653267424,0.00126330852249,0.0737697287116,-0.000313964233641,0.0977152862454,0.00283801934846
1278,4256.25790669,6,0.0235173987283,0.256825932467,0.00391956645472,0.0822749701417,0.000817886183903,0.0711856891128,-0.000636453259627,0.103299797733,0.00373813353045
1278.5,4283.54161122,6,0.0219908736009,0.255185598168,0.00366514560015,0.0803317328897,0.000532518609174,0.0733733450119,-0.000400890178091,0.101415020819,0.00353351716907
1279,4310.82531575,6,0.0210056144704,0.254937672856,0.00350093574506,0.0783058133614,0.000267441783758,0.0825195300793,0.000750364936597,0.0940468094088,0.0024831290247
1279.5,4338.10902028,6,0.0222196305824,0.256548604589,0.00370327176374,0.075410881118,-0.000117633436305,0.0937622279405,0.00227446373338,0.08730996324,0.00154644146667
1280,4365.39272481,6,0.0234268175156,0.257140802377,0.00390446958594,0.0717797569152,-0.000559475259378,0.102053670008,0.0035110275473,0.0832418388726,0.000952917298016
1280.5,4392.67642934,6,0.0228266087452,0.255909181922,0.00380443479087,0.071604173143,-0.000603418176786,0.103157948566,0.003769875415,0.0810815152581,0.000637977552656
1281,4419.96013387,6,0.0210002799357,0.254518231672,0.00350004665596,0.0781267022353,0.000194245807666,0.0971840342175,0.00292917002717,0.0791419270708,0.000376630821123
1281.5,4447.2438384,6,0.0214199095002,0.255554272436,0.0035699849167,0.0893665018531,0.00167463575715,0.0897423824566,0.00187861162933,0.0763797855521,1.67375302205e-05
1282,4474.52754293,6,0.0229607165116,0.257032315987,0.00382678608527,0.0993816462521,0.00308268978256,0.0846082897055,0.0011496286192,0.0729767512006,-0.000405532316495
1282.5,4501.81124746,6,0.0236142317203,0.2568246148,0.00393570528672,0.103964171489,0.00385135219566,0.0817079027165,0.000737441685872,0.071086903155,-0.000653088594814
1283,4529.09495199,6,0.0214456480648,0.254716825843,0.00357427467746,0.100047599787,0.00333814103613,0.0799509503234,0.000477018126902,0.074652636962,-0.000240884485573
1283.5,4556.37865652,6,0.0213362549615,0.255424933631,0.00355604249359,0.0925256763896,0.00226843041941,0.0779647241694,0.000227657127623,0.0848688829234,0.00105995494656
1284,4583.66236105,6,0.0224101179852,0.256692355081,0.0037350196642,0.0862733106899,0.00138907902385,0.0744978326165,-0.000226682402553,0.0958555422652,0.00257262304291
1284.5,4610.94606558,6,0.0233673319874,0.256884237442,0.00389455533124,0.0825967611058,0.000864576061668,0.0713907041139,-0.000611761769741,0.102831079668,0.00364174103931
1285,4638.22977011,6,0.0224070387854,0.255387076105,0.00373450646424,0.0806912491502,0.00058348682777,0.0722768463042,-0.000516015155747,0.102353265045,0.00366703479222
1285.5,4665.51347464,6,0.0207161448448,0.254330054792,0.00345269080747,0.0785225443897,0.000298437006135,0.0801568654915,0.000452966518872,0.0955849088479,0.00270128728247
1286,4692.79717917,6,0.0218263318485,0.256056703353,0.00363772197475,0.0758088993233,-5.34432351066e-05,0.0917452069632,0.00199200174893,0.0884368464303,0.00169916346092
1286.5,4720.0808837,6,0.0231740603255,0.256985278631,0.00386234338758,0.0722597819584,-0.000493536235798,0.100926950037,0.00331904649585,0.0837327913833,0.00103683312752
1287,4747.36458823,6,0.0232789107294,0.256421099986,0.0038798184549,0.0711692020873,-0.000648716747261,0.103832840359,0.00384925877723,0.0813532967025,0.000679276424923
1287.5,4774.64829276,6,0.0212087959796,0.254688388722,0.00353479932993,0.0764747166055,-2.13885342516e-05,0.0986171866642,0.00313289962913,0.0795307070607,0.000423288235048
1288,4801.93199729,6,0.0211236372463,0.255112774086,0.00352060620771,0.0871613227735,0.00137138733014,0.0909816067159,0.0020567414335,0.0769040348692,9.24774440729e-05
1288.5,4829.21570182,6,0.0226317947953,0.25676075398,0.00377196579922,0.0977603275198,0.00284596124269,0.085212664073,0.00124381226268,0.0737219249179,-0.000317807706146
1289,4856.49940635,6,0.0234323125986,0.256691512083,0.0039053854331,0.103285873764,0.00373764224998,0.0821125599847,0.000797426951867,0.0712272307334,-0.000629683768749
1289.5,4883.78311088,6,0.0219004814522,0.25506949315,0.00365008024203,0.101316608809,0.00352014773174,0.0801839904739,0.00051433587602,0.0735030451515,-0.000384403365731
1290,4911.06681541,6,0.020939109351,0.254829165783,0.00348985155851,0.0939129885314,0.00246582418347,0.0781993606659,0.000255630789082,0.0826509608219,0.000768396585954
1290.5,4938.35051994,6,0.0221071935461,0.256375833637,0.00368453225768,0.0871552409225,0.00152736223933,0.0753219896407,-0.000127636934077,0.0938327297733,0.00228480695243
1291,4965.63422447,6,0.0233672492084,0.257037942873,0.00389454153473,0.0831004989807,0.000935154492975,0.0718071982319,-0.000554550946461,0.102064350313,0.00351393798822
1291.5,4992.917929,6,0.0227624975785,0.255802981389,0.00379374959641,0.080956194147,0.000622715205941,0.0716949736121,-0.00058985423974,0.103085896895,0.00376088863021
1292,5020.20163353,6,0.0208950760142,0.254357349344,0.00348251266904,0.0789977238934,0.000360200203823,0.0782324159555,0.000209641448264,0.0970612739721,0.00291267101695
1292.5,5047.48533806,6,0.0212967356519,0.25537869425,0.00354945594198,0.076283855061,5.74733691161e-06,0.0894602134902,0.0016877677132,0.0895686756442,0.00185594089186
1293,5074.76904259,6,0.0228702269429,0.256897547002,0.00381170449049,0.072939471572,-0.000408351030563,0.0994254498087,0.00309002990117,0.0844666699757,0.00113002561988
1293.5,5102.05274712,6,0.0235630372987,0.256749371176,0.00392717288312,0.0711586937051,-0.000643765580775,0.103941002599,0.00384947904478,0.0815837167274,0.000721459419111
1294,5129.33645165,6,0.0213762127386,0.254618509794,0.0035627021231,0.074781563204,-0.000223514821968,0.0999427295448,0.00332354660175,0.0798282459666,0.00046267034332
1294.5,5156.62015618,6,0.0212372471053,0.255267169816,0.00353954118422,0.0849711820792,0.00107459741987,0.0923790873321,0.00225014944904,0.077850900144,0.000214794315303
1295,5183.90386071,6,0.0223172845141,0.256549663197,0.00371954741902,0.0959123399117,0.00258154084219,0.0861386213704,0.00137093484976,0.0744326751587,-0.000232928272926
1295.5,5211.18756524,6,0.0233188219692,0.256792213584,0.00388647032819,0.102831758359,0.00364330622774,0.0824920530757,0.000851083077907,0.0714023640702,-0.000607918977457
1296,5238.47126977,6,0.0223369161846,0.255282905593,0.0037228193641,0.102269653511,0.00365579289305,0.0805688536617,0.000568850500817,0.0723783599393,-0.000501824029762
1296.5,5265.7549743,6,0.0206508698615,0.254235190015,0.00344181164358,0.0954646964288,0.00268479887721,0.0784131187446,0.00028617367637,0.0802913321735,0.000470839090003
1297,5293.03867883,6,0.0217300447432,0.255914391101,0.00362167412387,0.0882864914496,0.00167964004574,0.0757429713569,-6.04538303131e-05,0.0918188692876,0.00200248790844
1297.5,5320.32238336,6,0.0231236397725,0.256887736692,0.00385393996209,0.0836075442376,0.00102120844409,0.0722564582213,-0.000492518982239,0.100957654067,0.00332525050024
1298,5347.60608789,6,0.0232139392687,0.256331788859,0.00386898987812,0.0812334081651,0.000664206335452,0.0712643993354,-0.000636199337146,0.103767880378,0.00384098287981
1298.5,5374.88979242,6,0.0211266859586,0.254584493952,0.00352111432643,0.0794132335022,0.000409892585481,0.0766126817708,-4.36088034911e-06,0.0984924608344,0.0031155826213
1299,5402.17349695,6,0.0210208463892,0.254956557559,0.0035034743982,0.0767731435601,7.73820041014e-05,0.0872589995083,0.00138591298641,0.0908582832304,0.00204017940769
1299.5,5429.45720148,6,0.0225463819796,0.256622550213,0.00375773032993,0.0736787720553,-0.000321441480496,0.0978054052666,0.00285336009942,0.0850722356517,0.00122581171101
1300,5456.74090601,6,0.0233585604616,0.256577286642,0.00389309341026,0.0712608315242,-0.000624078276514,0.103279717985,0.00373789021843,0.0819705991699,0.000779281468345
1300.5,5484.02461054,6,0.0218212540142,0.25496899385,0.00363687566904,0.0736261984689,-0.000368388133171,0.101214076112,0.00350590882123,0.0800625711807,0.000499354980972
1301,5511.30831507,6,0.0208885364881,0.254741444772,0.00348142274802,0.0827687279111,0.000784674777836,0.0937874539948,0.00244957073674,0.078119089612,0.000247177233446
1301.5,5538.5920196,6,0.022019968364,0.256238530682,0.00366999472733,0.0939070615723,0.00229549553402,0.0870193485226,0.00151066171364,0.0752459197251,-0.00013616252034
1302,5565.87572413,6,0.0233146565894,0.256946059086,0.00388577609824,0.102077407223,0.00351712675567,0.0829729852086,0.000919240347343,0.0718294519457,-0.00055059100477
1302.5,5593.15942866,6,0.0226928171286,0.255694507975,0.0037821361881,0.103012090714,0.00375151560333,0.080841982133,0.000608754740775,0.0717742206411,-0.000578134156
1303,5620.44313319,6,0.0208134321174,0.254236555602,0.00346890535291,0.0969387150913,0.00289552995985,0.0788818893855,0.00034721514845,0.0783497363525,0.000226160244607
1303.5,5647.72683772,6,0.0211989236117,0.255238592272,0.00353315393528,0.0894121966475,0.00183535514604,0.0762111568245,-2.49194282607e-06,0.0895490110897,0.00170029073206
1304,5675.01054225,6,0.0227919091907,0.256776552199,0.00379865153179,0.084334663224,0.00111203679845,0.0729047165563,-0.000410843241914,0.0994709242,0.00309745797526
1304.5,5702.29424678,6,0.0235179480875,0.256678213033,0.00391965801458,0.081476442697,0.000707771926416,0.071217378028,-0.000635626726294,0.103918124596,0.00384751281446
1305,5729.57795131,6,0.0213089954819,0.254527548817,0.00355149924698,0.0797216788582,0.000450027387019,0.0749005918192,-0.000207566310374,0.0998389944629,0.00330903817034
1305.5,5756.86165584,6,0.0211544908871,0.255134103586,0.00352574848118,0.0777575014968,0.00020428967382,0.085076155466,0.00108969638242,0.0922341488784,0.00223176242494
1306,5784.14536037,6,0.0222398340573,0.256425803512,0.00370663900955,0.0743793776408,-0.000237930617603,0.095974760312,0.002591085149,0.0860053635223,0.00135348447815
1306.5,5811.4290649,6,0.0232823636278,0.256717490298,0.00388039393797,0.071424816251,-0.000602920341403,0.102833709991,0.00364499637962,0.0823926632477,0.000838317899748
1307,5838.71276943,6,0.0222671711386,0.255184186235,0.00371119518976,0.0724635491606,-0.00049022221028,0.102185806975,0.0036444580108,0.0804685230662,0.000556959389242
1307.5,5865.99647396,6,0.0205893318679,0.25415314301,0.00343155531132,0.0804272096226,0.000488552242893,0.0953373297248,0.00266676391606,0.0783222746332,0.000276239152367
1308,5893.28017849,6,0.0216457012158,0.25579507161,0.00360761686931,0.0918885420221,0.00201235080642,0.0881447124988,0.00166062439786,0.0756954588295,-6.53583349743e-05
1308.5,5920.56388302,6,0.023089040492,0.256817685338,0.00384817341533,0.100991508402,0.0033317866361,0.0834976525506,0.00100701033483,0.0722621494374,-0.000490623555596
1309,5947.84758755,6,0.0231546255874,0.256250131062,0.00385910426456,0.103704680846,0.00383287764392,0.0811231810258,0.000650583024768,0.0713558934329,-0.000624356404121
1309.5,5975.13129208,6,0.021052390193,0.254491139745,0.00350873169884,0.0983705615045,0.00309859676695,0.0793151311378,0.000398837690674,0.0767390747936,1.12972412134e-05
1310,6002.41499661,6,0.0209552258076,0.254842998317,0.0034925376346,0.0907452735997,0.00202572516992,0.0766669527428,6.55918574103e-05,0.0873643915248,0.00140122060727
1310.5,6029.69870114,6,0.0224819518278,0.256512898018,0.0037469919713,0.0849419365823,0.00120912122282,0.0736519846588,-0.000323142344119,0.097852577656,0.00286101309261
1311,6056.98240567,6,0.0232994644823,0.256481761287,0.00388324408039,0.0818512425804,0.000764200940586,0.0712874293028,-0.000619481873748,0.103276671405,0.00373852501355
1311.5,6084.2661102,6,0.0217535108924,0.254881805184,0.00362558514873,0.0799636368439,0.000487047797216,0.0737336010148,-0.000354137036382,0.101118132428,0.00349267438789
1312,6111.54981473,6,0.0208472989259,0.254669130148,0.00347454982099,0.0780559147722,0.000240709792838,0.0828744658936,0.000799381610305,0.0936723012504,0.00243445841785
1312.5,6138.83351926,6,0.0219615875366,0.25613718739,0.00366026458944,0.0751891339451,-0.000142209352595,0.0939895689466,0.00230769039845,0.0868920308357,0.00149478354358
1313,6166.11722379,6,0.0232682702675,0.256860834209,0.00387804504458,0.0718411678671,-0.000548268482515,0.102090054451,0.00352037216728,0.0828631597518,0.000905941359813
1313.5,6193.40092832,6,0.0226289081735,0.255594647797,0.00377148469558,0.0718445027723,-0.000567742962676,0.102942124561,0.00374264642591,0.0807415659552,0.00059658123235
1314,6220.68463285,6,0.0207528736593,0.254151699768,0.00345881227655,0.0784668016283,0.000242342311468,0.0968203269944,0.00287884234428,0.0787980994333,0.000337627620802
1314.5,6247.96833738,6,0.0211140193448,0.255113113046,0.00351900322413,0.0896405933338,0.00171326673573,0.089257377025,0.00181535584888,0.0761486426792,-9.61936047706e-06
1315,6275.25204191,6,0.0227355814124,0.256685394106,0.00378926356873,0.0995221272929,0.00310565808676,0.0842194206128,0.00109630375888,0.0728773261535,-0.000412698276905
1315.5,6302.53574644,6,0.0234748474283,0.256606838656,0.00391247457138,0.103900853766,0.00384632619062,0.0813844939631,0.000696067433457,0.071254969078,-0.000629919052694
1316,6329.81945097,6,0.0212504582032,0.254448709535,0.00354174303386,0.0997416982616,0.00329547972183,0.0796307219248,0.000439379859535,0.0750097729653,-0.000193116547497
1316.5,6357.1031555,6,0.021087102718,0.255023506242,0.00351451711967,0.0920974934752,0.0022145015312,0.0776778328051,0.000195335687134,0.0851816581427,0.00110467990133
1317,6384.38686003,6,0.0221731643694,0.256318490021,0.00369552739489,0.0858772221301,0.00133667599514,0.0743312337721,-0.000242553544684,0.0960434979138,0.00260140494444
1317.5,6411.67056456,6,0.0232514303709,0.256653076889,0.00387523839514,0.0823031845613,0.000827022143928,0.0714402069466,-0.000599548432229,0.102843131706,0.00364776468344
1318,6438.95426909,6,0.0222055873564,0.255096584399,0.00370093122606,0.0803770093218,0.000546344053705,0.0725401637639,-0.000480112380136,0.102112841344,0.00363469955249
1318.5,6466.23797362,6,0.0205393011542,0.254083408235,0.00342321685903,0.0782411420023,0.000267498278788,0.080563855588,0.00050601103942,0.0952118268905,0.00264970754082
1319,6493.52167815,6,0.0215859227919,0.255711154555,0.00359765379865,0.0756584158066,-6.93259151848e-05,0.0919731179845,0.00202376190525,0.0880130290183,0.00164321780858
1319.5,6520.80538268,6,0.0230624460162,0.256757800518,0.0038437410027,0.0722552895909,-0.000490084007359,0.101037452429,0.00334011219703,0.083398467824,0.00099371281303
1320,6548.08908721,6,0.0231051357216,0.256180091923,0.0038508559536,0.0714289730186,-0.000614830087321,0.103650389012,0.00382612546987,0.0810341393212,0.000639560571049
1320.5,6575.37279174,6,0.0209961835241,0.254418599226,0.00349936392069,0.0768615388244,2.65839603547e-05,0.0982586773708,0.00308315536715,0.0792317806162,0.00038962459319
1321,6602.65649627,6,0.0209020749036,0.254751714831,0.00348367915061,0.0874747076797,0.0014168107274,0.0906325789352,0.00201109606099,0.0765778004825,5.57723622181e-05
1321.5,6629.9402008,6,0.0224373003996,0.256430631352,0.00373955006659,0.0979097205091,0.00286995796714,0.0848244353659,0.00119407380544,0.0736298257875,-0.000324481705979
1322,6657.22390533,6,0.0232529344476,0.256402622977,0.0038754890746,0.103287091599,0.00374104863716,0.0817460431301,0.000750990460415,0.0713028345901,-0.000616550022975
1322.5,6684.50760986,6,0.0216977293631,0.254806792458,0.00361628822718,0.101038848144,0.0034818138067,0.0798802896531,0.000476760849228,0.0738210059812,-0.000342286428748
1323,6711.79131439,6,0.0208131182189,0.254610152761,0.00346885303648,0.0935608263547,0.00241946855223,0.0780055761101,0.000235676488969,0.0829771000153,0.000813707995285
1323.5,6739.07501892,6,0.0219198085059,0.256053954631,0.00365330141765,0.0867764008899,0.00148072780572,0.0751359253142,-0.00014789378214,0.0940749658023,0.00232046739406
1324,6766.35872345,6,0.0232336146102,0.256788838047,0.00387226910171,0.0827658405884,0.00089426842188,0.0718426261159,-0.000547313557906,0.102113691741,0.00352531423773
1324.5,6793.64242798,6,0.0225828458656,0.255518780258,0.00376380764426,0.0806581813549,0.00058635353725,0.0719031338871,-0.00055898930211,0.102890769913,0.00373644340912
1325,6820.92613251,6,0.0207104512707,0.254090661157,0.00345174187844,0.07872540275,0.000329475800689,0.0785879806024,0.000258815833256,0.0967105699613,0.0028634502445
1325.5,6848.20983704,6,0.0210565431305,0.255017739532,0.00350942385508,0.0760913961572,-1.60066304343e-05,0.0897485437441,0.00172861799447,0.0891110831771,0.00179681249104
1326,6875.49354157,6,0.0227043688405,0.256623523133,0.00378406147341,0.0728512486855,-0.000414848090338,0.0995855587143,0.00311574216145,0.0841199986486,0.0010831674023
1326.5,6902.7772461,6,0.0234417530442,0.256550727135,0.0039069588407,0.0712852651106,-0.000625846191391,0.103897879829,0.00384732709805,0.0813008676732,0.000685477934041
1327,6930.06095063,6,0.0212067486608,0.254387945675,0.00353445811014,0.0751103260489,-0.000180113902978,0.099660093409,0.00328439424826,0.0795508039213,0.000430177764853
1327.5,6957.34465516,6,0.021039554714,0.254939884324,0.00350659245233,0.0852935913645,0.0011203039559,0.0919782799255,0.00219960042143,0.077601266812,0.000186688075002
1328,6984.62835969,6,0.0221237993783,0.256235061871,0.00368729989638,0.0961294229244,0.00261402757088,0.0857545664484,0.00132074490683,0.0742843049123,-0.00024747258133
1328.5,7011.91206422,6,0.0232360526962,0.256612629553,0.00387267544936,0.102868132653,0.00365307850904,0.0822294108548,0.000817556514434,0.0714483126843,-0.000597959574116
1329,7039.19576875,6,0.0221616098291,0.255032502141,0.00369360163818,0.10205685105,0.00362764973714,0.0802978387206,0.000537165053568,0.0726110445517,-0.000471213152527
1329.5,7066.47947328,6,0.0205080626887,0.254035612623,0.00341801044811,0.0951042994858,0.0026356415797,0.0781702968504,0.000259833256292,0.0806942492329,0.000522535612122
1330,7093.76317781,6,0.0215499514328,0.25565600114,0.00359165857213,0.0878895176399,0.00162707737659,0.0756192263914,-7.38170259587e-05,0.0920804784243,0.0020383982215
1330.5,7121.04688234,6,0.0230424945392,0.256706108581,0.00384041575653,0.0833065595943,0.000981174852499,0.0722354728583,-0.000491341789767,0.101097280878,0.0033505826938
1331,7148.33058687,6,0.023066943737,0.256121312131,0.00384449062283,0.0809520918661,0.000629719951921,0.0714873385462,-0.000607486194396,0.103615070938,0.00382225686531
1331.5,7175.6142914,6,0.0209676742711,0.254376680709,0.00349461237852,0.0791536520703,0.000381081517111,0.0769829835016,4.16625121692e-05,0.0981732231588,0.00307186834924
1332,7202.89799593,6,0.0208689506156,0.254687989641,0.00347815843594,0.0764931711653,4.63053396919e-05,0.0875995375791,0.00143399228582,0.0905284512307,0.00199786081042
1332.5,7230.18170046,6,0.0224030970193,0.256361393507,0.00373384950321,0.0735960631928,-0.000327574146277,0.0979823031817,0.00288116251464,0.0847161962511,0.00118026113485
1333,7257.46540499,6,0.0232208537772,0.256341024206,0.0038701422962,0.0713043951535,-0.000615696512471,0.103320548261,0.00374692094832,0.0816492535431,0.000738917860356
1333.5,7284.74910952,6,0.021668169153,0.254763973832,0.00361136152551,0.0738989803167,-0.000331817980428,0.100980899663,0.00347419395517,0.0798172607577,0.000468985550767
1334,7312.03281405,6,0.0207972397687,0.254571853249,0.00346620662811,0.0830870017614,0.0008288377464,0.0934618885209,0.00240663736379,0.0779561091115,0.000230731517924
1334.5,7339.31651858,6,0.0218814020689,0.255978049309,0.00364690034481,0.0941777381148,0.0023356262682,0.0866595832478,0.0014662222091,0.075073851476,-0.000154948132486
1335,7366.60022311,6,0.0232195327682,0.256741395908,0.00386992212804,0.102155230054,0.00353301559209,0.0826820424766,0.000884066463261,0.0718372381502,-0.000547159927317
1335.5,7393.88392764,6,0.0225428935147,0.255450900788,0.00375714891912,0.102863296672,0.00373364990104,0.0805828564177,0.000577156494441,0.071937867916,-0.000553657476359
1336,7421.16763217,6,0.0206925183609,0.254062531914,0.00344875306015,0.0966284323802,0.00285209476448,0.0786547974883,0.000321545648842,0.0787124264308,0.000275112646824
1336.5,7448.4513367,6,0.0210134953716,0.25494059537,0.00350224922861,0.0889774376412,0.00177994456712,0.0760292986315,-2.30193899824e-05,0.0898669746528,0.00174532405147
1337,7475.73504123,6,0.0226940371319,0.256585426671,0.00378233952198,0.0840348484249,0.00107222698386,0.072817106899,-0.000418187545053,0.0996665697662,0.00312830008318
1337.5,7503.01874576,6,0.0234240587898,0.256514812709,0.0039040097983,0.0812290044432,0.000676148658201,0.0713029974528,-0.000623581026307,0.103915894199,0.0038514421664
1338,7530.30245029,6,0.0211825117909,0.254349721707,0.00353041863182,0.0794757185083,0.000421569951342,0.07520644598,-0.000167894578125,0.099600629695,0.00327674325861
1338.5,7557.58615482,6,0.0210161178651,0.254889472227,0.00350268631086,0.0775206249253,0.000177381021682,0.0854291318454,0.00113873280714,0.0918727789566,0.00218657248203
1339,7584.86985935,6,0.0221021282102,0.256181168615,0.00368368803504,0.0742235645679,-0.000254433111462,0.0962365568319,0.00262975310057,0.0856541107306,0.00130836804593
1339.5,7612.15356388,6,0.0232346187072,0.256587660521,0.0038724364512,0.0714463599762,-0.000597991963042,0.102913140193,0.00366163027895,0.0821612288558,0.000808798135293
1340,7639.43726841,6,0.0221389168212,0.25499068648,0.0036898194702,0.0726764567893,-0.000462981729913,0.102021724647,0.00362383369863,0.0802255712465,0.000528967501484
1340.5,7666.72097294,6,0.0204894001057,0.254006804311,0.00341490001762,0.0808256526345,0.000538869187577,0.0950133408632,0.0026238579358,0.0781008585818,0.000252172894247
1341,7694.00467747,6,0.0215326196057,0.255622712975,0.00358876993428,0.0922105200171,0.00205626067865,0.0877759721139,0.0016122318985,0.0755692437001,-7.97226428759e-05
1341.5,7721.288382,6,0.0230197738309,0.256651809268,0.00383662897182,0.101173341169,0.00336353229757,0.0832143321442,0.000968256337046,0.0721971468978,-0.000495159662802
1342,7748.57208653,6,0.0230431695108,0.25607994966,0.00384052825179,0.103601937972,0.00382163837606,0.0808718137366,0.000620056498535,0.0715392128486,-0.0006011666228
1342.5,7775.85579106,6,0.0209658312484,0.254363471375,0.00349430520807,0.098114299019,0.00306439637531,0.0790826993954,0.000373509801098,0.077099495553,5.63990316545e-05
1343,7803.13949559,6,0.0208517205895,0.254646141644,0.00347528676492,0.0904355187427,0.00198604551596,0.076408147356,3.65123889154e-05,0.0877354937462,0.00145272886004
1343.5,7830.42320012,6,0.0223768189949,0.25630265911,0.00372946983248,0.0846174546812,0.00116759308908,0.0735466021922,-0.000332915984389,0.0980716047368,0.00289479272779
1344,7857.70690465,6,0.0232088951761,0.256304401967,0.00386814919602,0.0815561064476,0.000727175823902,0.0713032705746,-0.000615438289175,0.103378011907,0.00375641166129
1344.5,7884.99060918,6,0.0216569641082,0.254741256965,0.00360949401803,0.0797583227626,0.000461757987005,0.0739744676061,-0.00032154565301,0.100941440835,0.00346928168403
1345,7912.27431371,6,0.0207924850737,0.254549816505,0.00346541417895,0.0779016483767,0.000224991572355,0.0831999627393,0.000844586064145,0.0933811707205,0.00239583654245
1345.5,7939.55801824,6,0.0218463736926,0.255907741163,0.0036410622821,0.0750004374746,-0.000163453046179,0.0942867464749,0.00235162721297,0.0865535214056,0.00145288811531
1346,7966.84172277,6,0.0232273188346,0.256723561927,0.00387121980577,0.0718327614857,-0.000547235954275,0.102214370383,0.00354317526219,0.0826093990901,0.000875280497855
1346.5,7994.1254273,6,0.022514585121,0.255391893763,0.0037524308535,0.07196006899,-0.000549846770244,0.102852968823,0.00373312882904,0.0805118257627,0.000569148794708
1347,8021.40913183,6,0.0206945309199,0.254057053802,0.00344908848665,0.078852057581,0.000293660513667,0.0965574645173,0.00284231227985,0.0785804870628,0.000313115693131
1347.5,8048.69283636,6,0.0209694589799,0.254864648918,0.00349490982998,0.0899843816807,0.00176166459592,0.0888540525134,0.00176439401515,0.0759591454139,-3.11487810896e-05
1348,8075.97654089,6,0.0226937749235,0.256559407128,0.00378229582058,0.0997669457124,0.00314342205906,0.0839504511855,0.001061602944,0.0727749243665,-0.000422729182475
1348.5,8103.26024542,6,0.0234183096678,0.25649447191,0.0039030516113,0.103947988904,0.00385739793616,0.0811671266938,0.000667962571696,0.0713122730452,-0.000622308896559
1349,8130.54394995,6,0.0211712148858,0.254329109485,0.0035285358143,0.0995532866206,0.00327056866135,0.0794037338595,0.000413233368475,0.0753050152065,-0.000155266215525
1349.5,8157.82765448,6,0.0209932891817,0.254846229203,0.00349888153028,0.0917796574531,0.00217493813715,0.0774338032283,0.000167086488714,0.0855656924355,0.00115685690442
1350,8185.11135901,6,0.0221004299419,0.25615323226,0.00368340499032,0.0855709215408,0.00129826135892,0.0741533125788,-0.000262684615496,0.0963619100703,0.0026478282469
1350.5,8212.39506354,6,0.0232480682633,0.256578445071,0.00387467804389,0.0820963419457,0.000800897932792,0.0714463279788,-0.000597908297693,0.102968672279,0.00367168840879
1351,8239.67876807,6,0.0221227824213,0.254961393754,0.00368713040355,0.0801499050166,0.000520336820192,0.0727435124194,-0.000454829360316,0.102000860941,0.00362162294367
1351.5,8266.9624726,6,0.0204896446583,0.254004733105,0.00341494077639,0.078032363941,0.000244319447403,0.0809705534771,0.0005573467056,0.0949346903409,0.00261327462338
1352,8294.24617713,6,0.0215188166051,0.255589921325,0.00358646943418,0.0755055149876,-8.74678077092e-05,0.0923377288698,0.00207435338041,0.0876795481733,0.00159958386149
1352.5,8321.52988166,6,0.0230114266435,0.2566100482,0.00383523777392,0.0721461856369,-0.000500407758611,0.101263213911,0.00337859665758,0.0831335237518,0.000957048874951
1353,8348.81358619,6,0.023017554851,0.256037745506,0.00383625914184,0.0715793794443,-0.00059577132632,0.103593645604,0.00382136491669,0.0807975982307,0.000610665551473
1353.5,8376.09729072,6,0.0209782059475,0.254372509638,0.00349636765791,0.0772207420291,7.20608997147e-05,0.0980637756031,0.00305759537474,0.0790208603584,0.000366711383453
1354,8403.38099525,6,0.0208465897903,0.254621249529,0.00347443163172,0.0878778759587,0.0014724402749,0.0903590973552,0.00197626008787,0.0763171224144,2.57312689562e-05
1354.5,8430.66469978,6,0.0223714885617,0.256270603668,0.00372858142694,0.098179122447,0.00291090137774,0.0845309379544,0.00115636133439,0.0734933707576,-0.00033868128519
1355,8457.94840431,6,0.0232097912502,0.25628181801,0.00386829854169,0.103443148222,0.00376705860055,0.0814716282528,0.000716551192438,0.0712998685695,-0.000615311251296
1355.5,8485.23210884,6,0.0216520241132,0.254727147829,0.00360867068554,0.100900818239,0.00346373301678,0.0797036442233,0.000454915354141,0.0740555208764,-0.000309977685388
1356,8512.51581337,6,0.0207918123543,0.25453825693,0.00346530205905,0.0933056722837,0.00238530975712,0.0778448101118,0.000218703564982,0.0833206111892,0.000861288736951
1356.5,8539.7995179,6,0.0218264259714,0.255856379629,0.00363773766189,0.0864598063283,0.0014407299449,0.074925368104,-0.00017218892612,0.0944040318701,0.00236919664312
1357,8567.08322243,6,0.0232483595724,0.256724842101,0.00387472659541,0.0825513897826,0.00086824159874,0.0718306006405,-0.000547029005277,0.102275663401,0.00355351400194
1357.5,8594.36692696,6,0.0224858416809,0.255337721085,0.00374764028015,0.0804407592895,0.000561074128684,0.0719964784189,-0.000544264510827,0.10283328272,0.00373083066229
1358,8621.65063149,6,0.0206876484997,0.254048003259,0.00344794141662,0.078509429947,0.000304787850852,0.0789823401307,0.000310624499814,0.0964890228168,0.00283252906596
1358.5,8648.93433602,6,0.0209369339895,0.254802788469,0.00348948899825,0.0758859425534,-3.98393816095e-05,0.0901139288012,0.00177988532933,0.0887357017833,0.00174944305053
1359,8676.21804055,6,0.0227011954061,0.256539553599,0.00378353256769,0.0727352361361,-0.000426941460609,0.0998661969047,0.00315834923146,0.0838709069808,0.00105212479683
1359.5,8703.50174508,6,0.0234189701033,0.256486200499,0.00390316168389,0.0713330332411,-0.000619175994486,0.103972472646,0.00386179873293,0.0811134861619,0.000660538945445
1360,8730.78544961,6,0.0211558791536,0.254309303242,0.00352597985893,0.0754075487942,-0.00014175207068,0.0994971530683,0.00326245319909,0.0793373875854,0.000405278730516
1360.5,8758.06915414,6,0.0209785357998,0.254811153423,0.0034964226333,0.0856920745782,0.00117483980433,0.0917037715759,0.00216488510354,0.0773480720525,0.000156697725431
1361,8785.35285867,6,0.0221126133343,0.25614112067,0.00368543555572,0.0964834610774,0.00266552028492,0.08550350051,0.00129040736284,0.0740869052645,-0.000270492092043
1361.5,8812.6365632,6,0.0232661767227,0.256572749955,0.00387769612045,0.103019018451,0.00368064787702,0.0820392937925,0.000794218015726,0.0714471813286,-0.000597169772291
1362,8839.92026773,6,0.0221215505971,0.254961730753,0.00368692509952,0.101976739836,0.00361792916709,0.0800850960116,0.000512479052415,0.072832647484,-0.000443483119985
1362.5,8867.20397226,6,0.0204808477111,0.253997449535,0.00341347461852,0.0948519007177,0.00260146886942,0.0779678210576,0.000236589515353,0.0811104837613,0.000575416233739
1363,8894.48767679,6,0.0215075447881,0.255564348566,0.00358459079801,0.0875974650176,0.00158880018817,0.0754488837947,-9.43246013726e-05,0.0924507465484,0.00209011521121
1363.5,8921.77138132,6,0.0230153848694,0.256589228448,0.00383589747824,0.0830620236751,0.000946500110651,0.0721116612838,-0.000503277648023,0.101348275898,0.00339267501561
1364,8949.05508585,6,0.0229828324318,0.255985950427,0.00383047207197,0.0807365128797,0.000602662434224,0.0716146273235,-0.000590294041346,0.103567529592,0.0038181036791
1364.5,8976.33879038,6,0.0209860943236,0.254375085184,0.00349768238727,0.0789649523694,0.000360457298129,0.0773350055314,8.80226277135e-05,0.0980078383511,0.00304920246143
1365,9003.62249491,6,0.0208520439421,0.254617068175,0.00347534065701,0.076238226989,1.61149133603e-05,0.0880132691649,0.00149095268714,0.0902982788892,0.00196827305651
1365.5,9030.90619944,6,0.0223705571602,0.256247571919,0.00372842619336,0.0734487622217,-0.000343439470942,0.0982758843678,0.0029254366954,0.0844556337159,0.0011464289689
1366,9058.18990397,6,0.0232303136829,0.256289291374,0.00387171894714,0.0713158459565,-0.000612676339265,0.1034924231,0.003775024551,0.081413736534,0.000709370735405
1366.5,9085.4736085,6,0.0216326984765,0.254699936637,0.00360544974609,0.0741386105769,-0.000297819334543,0.100838048688,0.00345448391393,0.0796559881061,0.0004487851667
1367,9112.75731303,6,0.0207876853526,0.254527109561,0.00346461422543,0.0834397610615,0.000877891791954,0.0932231303476,0.0023734083643,0.0777969103758,0.000213314069184
1367.5,9140.04101756,6,0.0218086645628,0.255824136977,0.00363477742714,0.0945138922715,0.00238485118059,0.0863769405503,0.00142886180463,0.0748659766213,-0.000178935558084
1368,9167.32472209,6,0.0232674950528,0.256732961898,0.00387791584213,0.102321134559,0.00356115704413,0.0825085381231,0.000862286273429,0.0718359557333,-0.000545527475424
1368.5,9194.60842662,6,0.0224451653742,0.255276555391,0.0037408608957,0.102789075022,0.00372468268005,0.0803760966759,0.000552978325934,0.0720440589565,-0.000536800110281
1369,9221.89213115,6,0.0206707644788,0.254033946566,0.00344512741313,0.0964044546523,0.00282004407418,0.078449818401,0.000297519341368,0.0791123550303,0.000327563997585
1369.5,9249.17583568,6,0.0209220883043,0.254758945238,0.00348701471739,0.0886264280975,0.00173588681127,0.0758292993889,-4.61512520777e-05,0.0902358928469,0.00179727915819
1370,9276.45954021,6,0.0227159500495,0.256534743434,0.00378599167492,0.0837941058115,0.00104308344943,0.072726557869,-0.000427387667121,0.0999467393838,0.00317029589261
1370.5,9303.74324474,6,0.0234074219331,0.25647045387,0.00390123698886,0.0810680066358,0.000653783842664,0.0713663839946,-0.000614291191015,0.103968710632,0.00386174433721
1371,9331.02694927,6,0.0211237732058,0.254276732512,0.00352062886764,0.0792812920571,0.00039830383941,0.0755092298013,-0.000128079604771,0.0994188503648,0.003250404633
1371.5,9358.3106538,6,0.0209527697103,0.254766016684,0.00349212828505,0.0772790383131,0.000148259296646,0.0858114232042,0.00119199695502,0.0916081889451,0.00215187203338
1372,9385.59435833,6,0.022140279424,0.256146777616,0.00369004657067,0.0740472986653,-0.000274766032401,0.0965864481616,0.00268060644176,0.0854456670757,0.00128420616131
1372.5,9412.87806286,6,0.0232804713741,0.256566316755,0.00388007856235,0.0714727519037,-0.000593046877015,0.103039100608,0.00368494979363,0.081987107976,0.000788175645739
1373,9440.16176739,6,0.0220999512248,0.254948611013,0.00368332520413,0.0729325822667,-0.000430778562709,0.101924261672,0.00360974478381,0.0800244110943,0.00050435898303
1373.5,9467.44547192,6,0.0204645640261,0.253979973279,0.00341076067101,0.0812430821865,0.000593372148214,0.0947447007564,0.00258603582347,0.0779248186394,0.00023135269932
1374,9494.72917645,6,0.0215102092624,0.25555305638,0.00358503487707,0.0925498257455,0.00210459139797,0.087518294916,0.00157827189313,0.0754175422055,-9.78284140279e-05
1374.5,9522.01288098,6,0.0230280621893,0.256584500745,0.00383801036488,0.101402373188,0.00340221256961,0.0830048152313,0.000937811428081,0.0721099099738,-0.000502013632806
1375,9549.29658551,6,0.0229374485013,0.255924336617,0.00382290808354,0.103510535422,0.00381028939621,0.0806819492324,0.000595288103254,0.0716644565274,-0.000582669415915
1375.5,9576.58029004,6,0.0209758226698,0.254360597307,0.00349597044497,0.097927120814,0.003037118096,0.0789156886281,0.000354450253557,0.0774504024983,0.000104402095413
1376,9603.86399457,6,0.0208551315646,0.254621225838,0.00347585526076,0.0902252316357,0.00195764077021,0.0761997246665,1.11235336088e-05,0.0881288825019,0.00150709095694
1376.5,9631.1476991,6,0.0223770577584,0.25624271918,0.00372950962641,0.0843881031005,0.00113709377088,0.0734446779154,-0.00034333070188,0.098342538085,0.0029357465574
1377,9658.43140363,6,0.0232538466692,0.256308279872,0.00387564111153,0.0813768545741,0.000704494984801,0.0713557799232,-0.000606804466966,0.103508232692,0.0037779505937
1377.5,9685.71510816,6,0.0215966172141,0.254655701458,0.00359943620235,0.0796193129573,0.00044351809118,0.0742213389326,-0.000285324739604,0.100747627726,0.00344124285077
1378,9712.99881269,6,0.0207789772244,0.254514876732,0.00346316287073,0.0777716684773,0.000210533566765,0.0835446203403,0.000892678929455,0.0931311600998,0.00235995037451
1378.5,9740.28251722,6,0.0217975534316,0.255809034754,0.00363292557194,0.0748455580612,-0.000180754435144,0.0946025291146,0.00239722619846,0.0862935215987,0.00141645380862
1379,9767.56622175,6,0.0232754999143,0.256731079343,0.00387924998572,0.0718661771958,-0.00054071848025,0.1023342421,0.00356391682019,0.0824632415241,0.000856051645785
1379.5,9794.84992628,6,0.0224046869301,0.255219224991,0.00373411448835,0.072107685322,-0.000527104411528,0.102720634051,0.00371523006799,0.0803234908873,0.000545988831889
1380,9822.13363081,6,0.0206477294272,0.254011848241,0.00344128823787,0.0792238404031,0.000342628047625,0.0963074746879,0.002805778431,0.0784131063863,0.00029288175924
1380.5,9849.41733534,6,0.0209326128894,0.254751142746,0.0034887688149,0.0903353794919,0.00181145185932,0.0885375795626,0.00172484160658,0.0758107355962,-4.75246509962e-05
1381,9876.70103987,6,0.0227377029265,0.25654247961,0.00378961715442,0.0999980997246,0.0031777412787,0.0837140721616,0.00103401342894,0.0727628460323,-0.000422137553221
1381.5,9903.9847444,6,0.0233730042021,0.256429506073,0.00389550070034,0.103932082716,0.00385692457872,0.0810285752664,0.000647583339593,0.0714013924142,-0.00060900721797
1382,9931.26844893,6,0.0210745005001,0.254227503051,0.00351241675002,0.099318432326,0.00323511996756,0.0792388825513,0.00039280654444,0.0756027449769,-0.000115509761976
1382.5,9958.55215346,6,0.0209265763737,0.254724460604,0.00348776272895,0.0915001904312,0.00213729752857,0.0772420380746,0.000143846312504,0.0859147892596,0.00120661888788
1383,9985.83585799,6,0.0221634382423,0.256150018419,0.00369390637372,0.085377079884,0.00127682693273,0.0740511960971,-0.000273261508141,0.0966542902575,0.00269034094913
1383.5,10013.1195625,6,0.0232964431951,0.256568850397,0.00388274053252,0.081946545354,0.000783462308899,0.071528672861,-0.00058495386618,0.103026168617,0.00368423208981
1384,10040.4032671,6,0.0220475877931,0.254900840078,0.00367459796552,0.0799716728543,0.000497122045237,0.0730212684415,-0.000419590379191,0.10184042653,0.00359706629947
1384.5,10067.6869716,6,0.0204653073496,0.253978426813,0.00341088455826,0.0779082438452,0.000229456334758,0.0813744761476,0.000611683805252,0.0946282281805,0.00256974441825
1385,10094.9706761,6,0.0215173847016,0.255547777825,0.0035862307836,0.0754239492333,-9.64395312353e-05,0.0926206215325,0.00211552924268,0.087435727721,0.00156714107216
1385.5,10122.2543806,6,0.0230321696172,0.256577630206,0.00383869493619,0.0721513408094,-0.000495732663442,0.101424865329,0.00340712194031,0.0829339521229,0.000927305659329
1386,10149.5380852,6,0.0228968611708,0.255876719499,0.00381614352846,0.0717474381389,-0.000571543792341,0.103427326636,0.00379902644847,0.0806344885986,0.000588660872328
1386.5,10176.8217897,6,0.0209553106926,0.254334507664,0.00349255178209,0.0775458374401,0.000118268931134,0.09782584739,0.00302251223102,0.0788953503342,0.000351770619936
1387,10204.1054942,6,0.0208542238073,0.254621049716,0.00347570396789,0.0882232272002,0.00152055228116,0.0901276483094,0.0019438297315,0.0762026833303,1.13219552266e-05
1387.5,10231.3891988,6,0.0223810973224,0.25623891065,0.00373018288706,0.0983841409683,0.00294238242817,0.084314844605,0.00112678382905,0.0734724194248,-0.000338983370162
1388,10258.6729033,6,0.0232698141672,0.256327809233,0.00387830236119,0.103494820853,0.00377682381255,0.0813456408732,0.000699700705405,0.0714198450179,-0.000598222156758
1388.5,10285.9566078,6,0.021548050997,0.254599367556,0.00359134183283,0.100638409762,0.00342549173199,0.0795920111513,0.000439113214537,0.0743014563292,-0.000273263113702
1389,10313.2403124,6,0.0207696949583,0.254502819491,0.00346161582638,0.0930223541718,0.00234431451569,0.0777786253099,0.000211847114778,0.0836343535489,0.000905454195914
1389.5,10340.5240169,6,0.0217848560664,0.255792957434,0.00363080934441,0.0862024032178,0.00140297896142,0.0748529457766,-0.000178815587694,0.0946701153999,0.00240664597068
1390,10367.8077214,6,0.0232834618296,0.256737281277,0.00388057697159,0.0824174873024,0.000849734264364,0.0719260956069,-0.000532547304753,0.102326194283,0.00356339001198
1390.5,10395.0914259,6,0.0223657246363,0.255167598265,0.00372762077272,0.080291951257,0.000541590851846,0.0721772833178,-0.0005170832527,0.102630851496,0.00370311317358
1391,10422.3751305,6,0.0206134671497,0.253974192484,0.00343557785828,0.0783930852757,0.00029054177929,0.079327340479,0.000356131146079,0.0961862481182,0.00278890493291
1391.5,10449.658835,6,0.0209615098887,0.254774914771,0.00349358498145,0.0758306263038,-4.39511768978e-05,0.0904289774576,0.00182404606372,0.0884477908285,0.00171349009463
1392,10476.9425395,6,0.022762291335,0.256556840789,0.0037937152225,0.0728313343053,-0.000412944352516,0.100022595755,0.00318165465314,0.083635395451,0.00102500492187
1392.5,10504.2262441,6,0.0233270513621,0.256371815106,0.00388784189369,0.0714378637919,-0.000603323159838,0.103873158557,0.00384918215236,0.0809932862852,0.000641982901161
1393,10531.5099486,6,0.0210136169703,0.25416302847,0.00350226949505,0.0756850998224,-0.000104653138435,0.0991946273131,0.00321704837687,0.0792157930732,0.000389874256616
1393.5,10558.7936531,6,0.0209083652157,0.254701451892,0.00348472753595,0.0860069319334,0.00121907241058,0.0913917126535,0.00212227518273,0.0772352813067,0.00014337994264
1394,10586.0773577,6,0.0221765528005,0.25614540177,0.00369609213341,0.0967027555274,0.00269712163638,0.0852892739465,0.00126691279214,0.0740858314608,-0.000267942295105
1394.5,10613.3610622,6,0.023308333564,0.256569215688,0.00388472226067,0.102993263937,0.00368069676669,0.08190882358,0.000779326357078,0.0715995886312,-0.000575300863093
1395,10640.6447667,6,0.0219877650469,0.254841585665,0.00366462750781,0.10174146539,0.00358254890337,0.0799299402074,0.00049175295298,0.0731026531906,-0.000409674348538
1395.5,10667.9284712,6,0.0204624971638,0.253978402176,0.00341041619396,0.0944983728564,0.00255151264421,0.0779208879697,0.000231363511011,0.0814916210909,0.000627540038742
1396,10695.2121758,6,0.0215277726578,0.255553369858,0.00358796210963,0.0873428371411,0.00155461871446,0.0754607438177,-9.13126370776e-05,0.0926822630186,0.00212465603224
1396.5,10722.4958803,6,0.023028606048,0.2565610031,0.003838101008,0.0828723773046,0.000918230310972,0.0722015057492,-0.00048809409894,0.101419583918,0.00340796479597
1397,10749.7795848,6,0.0228604724743,0.25583310909,0.00381007874572,0.08060018835,0.000584124869436,0.0718288619704,-0.000561133478785,0.103336513905,0.00378708735507
1397.5,10777.0632894,6,0.0209303714748,0.254301255397,0.00348839524579,0.078890070012,0.000351266800358,0.0776285936881,0.000130179043587,0.0977150422744,0.00300694940185
1398,10804.3469939,6,0.020856536361,0.254627025072,0.00347608939349,0.0762331995011,1.50318037714e-05,0.0883049088267,0.00153208849968,0.0900213667119,0.00192896909004
1398.5,10831.6306984,6,0.0223749783963,0.256223595209,0.00372916306605,0.0735102946828,-0.000333263499841,0.0984110694518,0.00294686340082,0.0842346861954,0.00111556316507
1399,10858.914403,6,0.0232792829557,0.256341223994,0.00387988049261,0.0714811084381,-0.000590388345774,0.103471356612,0.00377445360669,0.08132122346,0.000695815231689
1399.5,10886.1981075,6,0.021509617705,0.254552822093,0.00358493628416,0.0743796372243,-0.000261500374919,0.100524217331,0.00340928027389,0.0795814328344,0.000437156385185
1400,10913.481812,6,0.020753974956,0.254481811654,0.003458995826,0.083698154401,0.000914599475632,0.0929092117678,0.00232839969684,0.0778068959081,0.000215996653527
