sample,split,material,material_asset,base_color_texture,scene,crack_object
"crack_000001","train","mat_crack_7","Assets/Materials/decals/mat_crack_7.mat","Assets/Textures/Concrete_cracks/CC_2.png","Assets/Scenes/Energy/demo_facet.unity","wind farm 2/wind_turbine_12/Pole/Crack_Decal"
"crack_000002","train","mat_crack_7","Assets/Materials/decals/mat_crack_7.mat","Assets/Textures/Concrete_cracks/CC_2.png","Assets/Scenes/Energy/demo_facet.unity","wind farm 2/wind_turbine_12/Pole/Crack_Decal"
"crack_000003","train","mat_crack_6","Assets/Materials/decals/mat_crack_6.mat","Assets/Textures/Concrete_cracks/CC_1.png","Assets/Scenes/Energy/demo_facet.unity","wind farm 2/wind_turbine_4/Pole/Crack_Decal"
"crack_000004","train","mat_crack_6","Assets/Materials/decals/mat_crack_6.mat","Assets/Textures/Concrete_cracks/CC_1.png","Assets/Scenes/Energy/demo_facet.unity","wind farm 2/wind_turbine_11/Pole/Crack_Decal"
"crack_000005","train","mat_crack_6","Assets/Materials/decals/mat_crack_6.mat","Assets/Textures/Concrete_cracks/CC_1.png","Assets/Scenes/Energy/demo_facet.unity","wind farm 2/wind_turbine_9/Pole/Crack_Decal"
"crack_000006","test","mat_crack_6","Assets/Materials/decals/mat_crack_6.mat","Assets/Textures/Concrete_cracks/CC_1.png","Assets/Scenes/Energy/demo_facet.unity","wind farm 2/wind_turbine_13/Pole/Crack_Decal"
"crack_000007","train","mat_crack_7","Assets/Materials/decals/mat_crack_7.mat","Assets/Textures/Concrete_cracks/CC_2.png","Assets/Scenes/Energy/demo_facet.unity","wind farm 2/wind_turbine_12/Pole/Crack_Decal"
"crack_000008","test","mat_crack_7","Assets/Materials/decals/mat_crack_7.mat","Assets/Textures/Concrete_cracks/CC_2.png","Assets/Scenes/Energy/demo_facet.unity","wind farm 2/wind_turbine_8/Pole/Crack_Decal"
"crack_000009","train","mat_crack_7","Assets/Materials/decals/mat_crack_7.mat","Assets/Textures/Concrete_cracks/CC_2.png","Assets/Scenes/Energy/demo_facet.unity","wind farm 2/wind_turbine_12/Pole/Crack_Decal"
"crack_000010","train","mat_crack_7","Assets/Materials/decals/mat_crack_7.mat","Assets/Textures/Concrete_cracks/CC_2.png","Assets/Scenes/Energy/demo_facet.unity","wind farm 2/wind_turbine_12/Pole/Crack_Decal"
"crack_000011","train","mat_crack_6","Assets/Materials/decals/mat_crack_6.mat","Assets/Textures/Concrete_cracks/CC_1.png","Assets/Scenes/Energy/demo_facet.unity","wind farm 2/wind_turbine_9/Pole/Crack_Decal"
"crack_000012","train","mat_crack_7","Assets/Materials/decals/mat_crack_7.mat","Assets/Textures/Concrete_cracks/CC_2.png","Assets/Scenes/Energy/demo_facet.unity","wind farm 2/wind_turbine_12/Pole/Crack_Decal"
"crack_000013","val","mat_crack_6","Assets/Materials/decals/mat_crack_6.mat","Assets/Textures/Concrete_cracks/CC_1.png","Assets/Scenes/Energy/demo_facet.unity","wind farm 2/wind_turbine_11/Pole/Crack_Decal"
"crack_000014","train","mat_crack_7","Assets/Materials/decals/mat_crack_7.mat","Assets/Textures/Concrete_cracks/CC_2.png","Assets/Scenes/Energy/demo_facet.unity","wind farm 2/wind_turbine_12/Pole/Crack_Decal"
"crack_000015","train","mat_crack_7","Assets/Materials/decals/mat_crack_7.mat","Assets/Textures/Concrete_cracks/CC_2.png","Assets/Scenes/Energy/demo_facet.unity","wind farm 2/wind_turbine_8/Pole/Crack_Decal"
"crack_000016","train","mat_crack_7","Assets/Materials/decals/mat_crack_7.mat","Assets/Textures/Concrete_cracks/CC_2.png","Assets/Scenes/Energy/demo_facet.unity","wind farm 2/wind_turbine_12/Pole/Crack_Decal"
"crack_000017","train","mat_crack_6","Assets/Materials/decals/mat_crack_6.mat","Assets/Textures/Concrete_cracks/CC_1.png","Assets/Scenes/Energy/demo_facet.unity","wind farm 2/wind_turbine_2/Pole/Crack_Decal"
"crack_000018","train","mat_crack_7","Assets/Materials/decals/mat_crack_7.mat","Assets/Textures/Concrete_cracks/CC_2.png","Assets/Scenes/Energy/demo_facet.unity","wind farm 2/wind_turbine_12/Pole/Crack_Decal"
"crack_000019","train","mat_crack_4","Assets/Materials/decals/mat_crack_4.mat","Assets/Textures/crack2.png","Assets/Scenes/Energy/demo_facet.unity","wind farm 2/wind_turbine_7/Pole/Crack_Decal"
"crack_000020","val","mat_crack_7","Assets/Materials/decals/mat_crack_7.mat","Assets/Textures/Concrete_cracks/CC_2.png","Assets/Scenes/Energy/demo_facet.unity","wind farm 2/wind_turbine_12/Pole/Crack_Decal"
"crack_000021","train","mat_crack_7","Assets/Materials/decals/mat_crack_7.mat","Assets/Textures/Concrete_cracks/CC_2.png","Assets/Scenes/Energy/demo_facet.unity","wind farm 2/wind_turbine_12/Pole/Crack_Decal"
"crack_000022","train","mat_crack_7","Assets/Materials/decals/mat_crack_7.mat","Assets/Textures/Concrete_cracks/CC_2.png","Assets/Scenes/Energy/demo_facet.unity","wind farm 2/wind_turbine_12/Pole/Crack_Decal"
"crack_000023","train","mat_crack_7","Assets/Materials/decals/mat_crack_7.mat","Assets/Textures/Concrete_cracks/CC_2.png","Assets/Scenes/Energy/demo_facet.unity","wind farm 2/wind_turbine_12/Pole/Crack_Decal"
"crack_000024","test","mat_crack_5","Assets/Materials/decals/mat_crack_5.mat","Assets/Textures/crack_blade.png","Assets/Scenes/Energy/demo_facet.unity","wind farm 2/wind_turbine_5/Pole/Crack_Decal"
"crack_000025","val","mat_crack_6","Assets/Materials/decals/mat_crack_6.mat","Assets/Textures/Concrete_cracks/CC_1.png","Assets/Scenes/Energy/demo_facet.unity","wind farm 2/wind_turbine_11/Pole/Crack_Decal"
"crack_000026","train","mat_crack_6","Assets/Materials/decals/mat_crack_6.mat","Assets/Textures/Concrete_cracks/CC_1.png","Assets/Scenes/Energy/demo_facet.unity","wind farm 2/wind_turbine_2/Pole/Crack_Decal"
"crack_000027","train","mat_crack_7","Assets/Materials/decals/mat_crack_7.mat","Assets/Textures/Concrete_cracks/CC_2.png","Assets/Scenes/Energy/demo_facet.unity","wind farm 2/wind_turbine_8/Pole/Crack_Decal"
"crack_000028","train","mat_crack_6","Assets/Materials/decals/mat_crack_6.mat","Assets/Textures/Concrete_cracks/CC_1.png","Assets/Scenes/Energy/demo_facet.unity","wind farm 2/wind_turbine_9/Pole/Crack_Decal"
"crack_000029","train","mat_crack_7","Assets/Materials/decals/mat_crack_7.mat","Assets/Textures/Concrete_cracks/CC_2.png","Assets/Scenes/Energy/demo_facet.unity","wind farm 2/wind_turbine_12/Pole/Crack_Decal"
"crack_000030","train","mat_crack_7","Assets/Materials/decals/mat_crack_7.mat","Assets/Textures/Concrete_cracks/CC_2.png","Assets/Scenes/Energy/demo_facet.unity","wind farm 2/wind_turbine_12/Pole/Crack_Decal"
"crack_000031","train","mat_crack_6","Assets/Materials/decals/mat_crack_6.mat","Assets/Textures/Concrete_cracks/CC_1.png","Assets/Scenes/Energy/demo_facet.unity","wind farm 2/wind_turbine_2/Pole/Crack_Decal"
"crack_000032","train","mat_crack_6","Assets/Materials/decals/mat_crack_6.mat","Assets/Textures/Concrete_cracks/CC_1.png","Assets/Scenes/Energy/demo_facet.unity","wind farm 2/wind_turbine_9/Pole/Crack_Decal"
"crack_000033","test","mat_crack_7","Assets/Materials/decals/mat_crack_7.mat","Assets/Textures/Concrete_cracks/CC_2.png","Assets/Scenes/Energy/demo_facet.unity","wind farm 2/wind_turbine_8/Pole/Crack_Decal"
"crack_000034","test","mat_crack_5","Assets/Materials/decals/mat_crack_5.mat","Assets/Textures/crack_blade.png","Assets/Scenes/Energy/demo_facet.unity","wind farm 2/wind_turbine_5/Pole/Crack_Decal"
"crack_000035","train","mat_crack_4","Assets/Materials/decals/mat_crack_4.mat","Assets/Textures/crack2.png","Assets/Scenes/Energy/demo_facet.unity","wind farm 2/wind_turbine_7/Pole/Crack_Decal"
"crack_000036","train","mat_crack_7","Assets/Materials/decals/mat_crack_7.mat","Assets/Textures/Concrete_cracks/CC_2.png","Assets/Scenes/Energy/demo_facet.unity","wind farm 2/wind_turbine_12/Pole/Crack_Decal"
"crack_000037","train","mat_crack_4","Assets/Materials/decals/mat_crack_4.mat","Assets/Textures/crack2.png","Assets/Scenes/Energy/demo_facet.unity","wind farm 2/wind_turbine_7/Pole/Crack_Decal"
"crack_000038","train","mat_crack_6","Assets/Materials/decals/mat_crack_6.mat","Assets/Textures/Concrete_cracks/CC_1.png","Assets/Scenes/Energy/demo_facet.unity","wind farm 2/wind_turbine_9/Pole/Crack_Decal"
"crack_000039","val","mat_crack_6","Assets/Materials/decals/mat_crack_6.mat","Assets/Textures/Concrete_cracks/CC_1.png","Assets/Scenes/Energy/demo_facet.unity","wind farm 2/wind_turbine_2/Pole/Crack_Decal"
"crack_000040","test","mat_crack_5","Assets/Materials/decals/mat_crack_5.mat","Assets/Textures/crack_blade.png","Assets/Scenes/Energy/demo_facet.unity","wind farm 2/wind_turbine_5/Pole/Crack_Decal"
"crack_000041","train","mat_crack_6","Assets/Materials/decals/mat_crack_6.mat","Assets/Textures/Concrete_cracks/CC_1.png","Assets/Scenes/Energy/demo_facet.unity","wind farm 2/wind_turbine_4/Pole/Crack_Decal"
"crack_000042","train","mat_crack_6","Assets/Materials/decals/mat_crack_6.mat","Assets/Textures/Concrete_cracks/CC_1.png","Assets/Scenes/Energy/demo_facet.unity","wind farm 2/wind_turbine_2/Pole/Crack_Decal"
"crack_000043","train","mat_crack_6","Assets/Materials/decals/mat_crack_6.mat","Assets/Textures/Concrete_cracks/CC_1.png","Assets/Scenes/Energy/demo_facet.unity","wind farm 2/wind_turbine_13/Pole/Crack_Decal"
"crack_000044","val","mat_crack_7","Assets/Materials/decals/mat_crack_7.mat","Assets/Textures/Concrete_cracks/CC_2.png","Assets/Scenes/Energy/demo_facet.unity","wind farm 2/wind_turbine_12/Pole/Crack_Decal"
"crack_000045","train","mat_crack_7","Assets/Materials/decals/mat_crack_7.mat","Assets/Textures/Concrete_cracks/CC_2.png","Assets/Scenes/Energy/demo_facet.unity","wind farm 2/wind_turbine_12/Pole/Crack_Decal"
"crack_000046","train","mat_crack_7","Assets/Materials/decals/mat_crack_7.mat","Assets/Textures/Concrete_cracks/CC_2.png","Assets/Scenes/Energy/demo_facet.unity","wind farm 2/wind_turbine_12/Pole/Crack_Decal"
"crack_000047","train","mat_crack_6","Assets/Materials/decals/mat_crack_6.mat","Assets/Textures/Concrete_cracks/CC_1.png","Assets/Scenes/Energy/demo_facet.unity","wind farm 2/wind_turbine_9/Pole/Crack_Decal"
"crack_000048","train","mat_crack_7","Assets/Materials/decals/mat_crack_7.mat","Assets/Textures/Concrete_cracks/CC_2.png","Assets/Scenes/Energy/demo_facet.unity","wind farm 2/wind_turbine_8/Pole/Crack_Decal"
"crack_000049","train","mat_crack_4","Assets/Materials/decals/mat_crack_4.mat","Assets/Textures/crack2.png","Assets/Scenes/Energy/demo_facet.unity","wind farm 2/wind_turbine_16/Pole/Crack_Decal"
"crack_000050","train","mat_crack_7","Assets/Materials/decals/mat_crack_7.mat","Assets/Textures/Concrete_cracks/CC_2.png","Assets/Scenes/Energy/demo_facet.unity","wind farm 2/wind_turbine_12/Pole/Crack_Decal"
"crack_000051","train","mat_crack_7","Assets/Materials/decals/mat_crack_7.mat","Assets/Textures/Concrete_cracks/CC_2.png","Assets/Scenes/Energy/demo_facet.unity","wind farm 2/wind_turbine_8/Pole/Crack_Decal"
"crack_000052","train","mat_crack_7","Assets/Materials/decals/mat_crack_7.mat","Assets/Textures/Concrete_cracks/CC_2.png","Assets/Scenes/Energy/demo_facet.unity","wind farm 2/wind_turbine_12/Pole/Crack_Decal"
"crack_000053","train","mat_crack_7","Assets/Materials/decals/mat_crack_7.mat","Assets/Textures/Concrete_cracks/CC_2.png","Assets/Scenes/Energy/demo_facet.unity","wind farm 2/wind_turbine_8/Pole/Crack_Decal"
"crack_000054","train","mat_crack_7","Assets/Materials/decals/mat_crack_7.mat","Assets/Textures/Concrete_cracks/CC_2.png","Assets/Scenes/Energy/demo_facet.unity","wind farm 2/wind_turbine_12/Pole/Crack_Decal"
"crack_000055","train","mat_crack_7","Assets/Materials/decals/mat_crack_7.mat","Assets/Textures/Concrete_cracks/CC_2.png","Assets/Scenes/Energy/demo_facet.unity","wind farm 2/wind_turbine_12/Pole/Crack_Decal"
"crack_000056","train","mat_crack_6","Assets/Materials/decals/mat_crack_6.mat","Assets/Textures/Concrete_cracks/CC_1.png","Assets/Scenes/Energy/demo_facet.unity","wind farm 2/wind_turbine_2/Pole/Crack_Decal"
"crack_000057","train","mat_crack_7","Assets/Materials/decals/mat_crack_7.mat","Assets/Textures/Concrete_cracks/CC_2.png","Assets/Scenes/Energy/demo_facet.unity","wind farm 2/wind_turbine_12/Pole/Crack_Decal"
"crack_000058","train","mat_crack_7","Assets/Materials/decals/mat_crack_7.mat","Assets/Textures/Concrete_cracks/CC_2.png","Assets/Scenes/Energy/demo_facet.unity","wind farm 2/wind_turbine_8/Pole/Crack_Decal"
"crack_000059","train","mat_crack_7","Assets/Materials/decals/mat_crack_7.mat","Assets/Textures/Concrete_cracks/CC_2.png","Assets/Scenes/Energy/demo_facet.unity","wind farm 2/wind_turbine_12/Pole/Crack_Decal"
"crack_000060","train","mat_crack_6","Assets/Materials/decals/mat_crack_6.mat","Assets/Textures/Concrete_cracks/CC_1.png","Assets/Scenes/Energy/demo_facet.unity","wind farm 2/wind_turbine_13/Pole/Crack_Decal"
"crack_000061","val","mat_crack_7","Assets/Materials/decals/mat_crack_7.mat","Assets/Textures/Concrete_cracks/CC_2.png","Assets/Scenes/Energy/demo_facet.unity","wind farm 2/wind_turbine_12/Pole/Crack_Decal"
"crack_000062","train","mat_crack_4","Assets/Materials/decals/mat_crack_4.mat","Assets/Textures/crack2.png","Assets/Scenes/Energy/demo_facet.unity","wind farm 2/wind_turbine_7/Pole/Crack_Decal"
"crack_000063","train","mat_crack_4","Assets/Materials/decals/mat_crack_4.mat","Assets/Textures/crack2.png","Assets/Scenes/Energy/demo_facet.unity","wind farm 2/wind_turbine_16/Pole/Crack_Decal"
"crack_000064","val","mat_crack_6","Assets/Materials/decals/mat_crack_6.mat","Assets/Textures/Concrete_cracks/CC_1.png","Assets/Scenes/Energy/demo_facet.unity","wind farm 2/wind_turbine_11/Pole/Crack_Decal"
"crack_000065","train","mat_crack_4","Assets/Materials/decals/mat_crack_4.mat","Assets/Textures/crack2.png","Assets/Scenes/Energy/demo_facet.unity","wind farm 2/wind_turbine_7/Pole/Crack_Decal"
"crack_000066","test","mat_crack_5","Assets/Materials/decals/mat_crack_5.mat","Assets/Textures/crack_blade.png","Assets/Scenes/Energy/demo_facet.unity","wind farm 2/wind_turbine_5/Pole/Crack_Decal"
"crack_000067","train","mat_crack_6","Assets/Materials/decals/mat_crack_6.mat","Assets/Textures/Concrete_cracks/CC_1.png","Assets/Scenes/Energy/demo_facet.unity","wind farm 2/wind_turbine_2/Pole/Crack_Decal"
"crack_000068","train","mat_crack_6","Assets/Materials/decals/mat_crack_6.mat","Assets/Textures/Concrete_cracks/CC_1.png","Assets/Scenes/Energy/demo_facet.unity","wind farm 2/wind_turbine_2/Pole/Crack_Decal"
"crack_000069","train","mat_crack_7","Assets/Materials/decals/mat_crack_7.mat","Assets/Textures/Concrete_cracks/CC_2.png","Assets/Scenes/Energy/demo_facet.unity","wind farm 2/wind_turbine_12/Pole/Crack_Decal"
"crack_000070","train","mat_crack_7","Assets/Materials/decals/mat_crack_7.mat","Assets/Textures/Concrete_cracks/CC_2.png","Assets/Scenes/Energy/demo_facet.unity","wind farm 2/wind_turbine_12/Pole/Crack_Decal"
"crack_000071","train","mat_crack_7","Assets/Materials/decals/mat_crack_7.mat","Assets/Textures/Concrete_cracks/CC_2.png","Assets/Scenes/Energy/demo_facet.unity","wind farm 2/wind_turbine_12/Pole/Crack_Decal"
"crack_000072","val","mat_crack_7","Assets/Materials/decals/mat_crack_7.mat","Assets/Textures/Concrete_cracks/CC_2.png","Assets/Scenes/Energy/demo_facet.unity","wind farm 2/wind_turbine_12/Pole/Crack_Decal"
"crack_000073","val","mat_crack_6","Assets/Materials/decals/mat_crack_6.mat","Assets/Textures/Concrete_cracks/CC_1.png","Assets/Scenes/Energy/demo_facet.unity","wind farm 2/wind_turbine_2/Pole/Crack_Decal"
"crack_000074","train","mat_crack_7","Assets/Materials/decals/mat_crack_7.mat","Assets/Textures/Concrete_cracks/CC_2.png","Assets/Scenes/Energy/demo_facet.unity","wind farm 2/wind_turbine_12/Pole/Crack_Decal"
"crack_000075","val","mat_crack_7","Assets/Materials/decals/mat_crack_7.mat","Assets/Textures/Concrete_cracks/CC_2.png","Assets/Scenes/Energy/demo_facet.unity","wind farm 2/wind_turbine_12/Pole/Crack_Decal"
"crack_000076","train","mat_crack_6","Assets/Materials/decals/mat_crack_6.mat","Assets/Textures/Concrete_cracks/CC_1.png","Assets/Scenes/Energy/demo_facet.unity","wind farm 2/wind_turbine_2/Pole/Crack_Decal"
"crack_000077","train","mat_crack_6","Assets/Materials/decals/mat_crack_6.mat","Assets/Textures/Concrete_cracks/CC_1.png","Assets/Scenes/Energy/demo_facet.unity","wind farm 2/wind_turbine_9/Pole/Crack_Decal"
"crack_000078","train","mat_crack_7","Assets/Materials/decals/mat_crack_7.mat","Assets/Textures/Concrete_cracks/CC_2.png","Assets/Scenes/Energy/demo_facet.unity","wind farm 2/wind_turbine_12/Pole/Crack_Decal"
"crack_000079","train","mat_crack_6","Assets/Materials/decals/mat_crack_6.mat","Assets/Textures/Concrete_cracks/CC_1.png","Assets/Scenes/Energy/demo_facet.unity","wind farm 2/wind_turbine_2/Pole/Crack_Decal"
"crack_000080","train","mat_crack_7","Assets/Materials/decals/mat_crack_7.mat","Assets/Textures/Concrete_cracks/CC_2.png","Assets/Scenes/Energy/demo_facet.unity","wind farm 2/wind_turbine_12/Pole/Crack_Decal"
"crack_000081","val","mat_crack_6","Assets/Materials/decals/mat_crack_6.mat","Assets/Textures/Concrete_cracks/CC_1.png","Assets/Scenes/Energy/demo_facet.unity","wind farm 2/wind_turbine_11/Pole/Crack_Decal"
"crack_000082","train","mat_crack_6","Assets/Materials/decals/mat_crack_6.mat","Assets/Textures/Concrete_cracks/CC_1.png","Assets/Scenes/Energy/demo_facet.unity","wind farm 2/wind_turbine_2/Pole/Crack_Decal"
"crack_000083","train","mat_crack_7","Assets/Materials/decals/mat_crack_7.mat","Assets/Textures/Concrete_cracks/CC_2.png","Assets/Scenes/Energy/demo_facet.unity","wind farm 2/wind_turbine_12/Pole/Crack_Decal"
"crack_000084","train","mat_crack_6","Assets/Materials/decals/mat_crack_6.mat","Assets/Textures/Concrete_cracks/CC_1.png","Assets/Scenes/Energy/demo_facet.unity","wind farm 2/wind_turbine_2/Pole/Crack_Decal"
"crack_000085","train","mat_crack_6","Assets/Materials/decals/mat_crack_6.mat","Assets/Textures/Concrete_cracks/CC_1.png","Assets/Scenes/Energy/demo_facet.unity","wind farm 2/wind_turbine_11/Pole/Crack_Decal"
"crack_000086","train","mat_crack_7","Assets/Materials/decals/mat_crack_7.mat","Assets/Textures/Concrete_cracks/CC_2.png","Assets/Scenes/Energy/demo_facet.unity","wind farm 2/wind_turbine_12/Pole/Crack_Decal"
"crack_000087","train","mat_crack_7","Assets/Materials/decals/mat_crack_7.mat","Assets/Textures/Concrete_cracks/CC_2.png","Assets/Scenes/Energy/demo_facet.unity","wind farm 2/wind_turbine_12/Pole/Crack_Decal"
"crack_000088","train","mat_crack_6","Assets/Materials/decals/mat_crack_6.mat","Assets/Textures/Concrete_cracks/CC_1.png","Assets/Scenes/Energy/demo_facet.unity","wind farm 2/wind_turbine_9/Pole/Crack_Decal"
"crack_000089","train","mat_crack_7","Assets/Materials/decals/mat_crack_7.mat","Assets/Textures/Concrete_cracks/CC_2.png","Assets/Scenes/Energy/demo_facet.unity","wind farm 2/wind_turbine_12/Pole/Crack_Decal"
"crack_000090","train","mat_crack_6","Assets/Materials/decals/mat_crack_6.mat","Assets/Textures/Concrete_cracks/CC_1.png","Assets/Scenes/Energy/demo_facet.unity","wind farm 2/wind_turbine_2/Pole/Crack_Decal"
"crack_000091","train","mat_crack_6","Assets/Materials/decals/mat_crack_6.mat","Assets/Textures/Concrete_cracks/CC_1.png","Assets/Scenes/Energy/demo_facet.unity","wind farm 2/wind_turbine_4/Pole/Crack_Decal"
"crack_000092","train","mat_crack_7","Assets/Materials/decals/mat_crack_7.mat","Assets/Textures/Concrete_cracks/CC_2.png","Assets/Scenes/Energy/demo_facet.unity","wind farm 2/wind_turbine_8/Pole/Crack_Decal"
"crack_000093","train","mat_crack_6","Assets/Materials/decals/mat_crack_6.mat","Assets/Textures/Concrete_cracks/CC_1.png","Assets/Scenes/Energy/demo_facet.unity","wind farm 2/wind_turbine_2/Pole/Crack_Decal"
"crack_000094","test","mat_crack_7","Assets/Materials/decals/mat_crack_7.mat","Assets/Textures/Concrete_cracks/CC_2.png","Assets/Scenes/Energy/demo_facet.unity","wind farm 2/wind_turbine_8/Pole/Crack_Decal"
"crack_000095","train","mat_crack_4","Assets/Materials/decals/mat_crack_4.mat","Assets/Textures/crack2.png","Assets/Scenes/Energy/demo_facet.unity","wind farm 2/wind_turbine_7/Pole/Crack_Decal"
"crack_000096","train","mat_crack_6","Assets/Materials/decals/mat_crack_6.mat","Assets/Textures/Concrete_cracks/CC_1.png","Assets/Scenes/Energy/demo_facet.unity","wind farm 2/wind_turbine_13/Pole/Crack_Decal"
"crack_000097","train","mat_crack_7","Assets/Materials/decals/mat_crack_7.mat","Assets/Textures/Concrete_cracks/CC_2.png","Assets/Scenes/Energy/demo_facet.unity","wind farm 2/wind_turbine_12/Pole/Crack_Decal"
"crack_000098","val","mat_crack_7","Assets/Materials/decals/mat_crack_7.mat","Assets/Textures/Concrete_cracks/CC_2.png","Assets/Scenes/Energy/demo_facet.unity","wind farm 2/wind_turbine_12/Pole/Crack_Decal"
"crack_000099","val","mat_crack_6","Assets/Materials/decals/mat_crack_6.mat","Assets/Textures/Concrete_cracks/CC_1.png","Assets/Scenes/Energy/demo_facet.unity","wind farm 2/wind_turbine_2/Pole/Crack_Decal"
"crack_000100","train","mat_crack_6","Assets/Materials/decals/mat_crack_6.mat","Assets/Textures/Concrete_cracks/CC_1.png","Assets/Scenes/Energy/demo_facet.unity","wind farm 2/wind_turbine_9/Pole/Crack_Decal"
"crack_000101","train","mat_crack_6","Assets/Materials/decals/mat_crack_6.mat","Assets/Textures/Concrete_cracks/CC_1.png","Assets/Scenes/Energy/demo_facet.unity","wind farm 2/wind_turbine_4/Pole/Crack_Decal"
"crack_000102","val","mat_crack_6","Assets/Materials/decals/mat_crack_6.mat","Assets/Textures/Concrete_cracks/CC_1.png","Assets/Scenes/Energy/demo_facet.unity","wind farm 2/wind_turbine_2/Pole/Crack_Decal"
"crack_000103","train","mat_crack_7","Assets/Materials/decals/mat_crack_7.mat","Assets/Textures/Concrete_cracks/CC_2.png","Assets/Scenes/Energy/demo_facet.unity","wind farm 2/wind_turbine_12/Pole/Crack_Decal"
"crack_000104","val","mat_crack_6","Assets/Materials/decals/mat_crack_6.mat","Assets/Textures/Concrete_cracks/CC_1.png","Assets/Scenes/Energy/demo_facet.unity","wind farm 2/wind_turbine_11/Pole/Crack_Decal"
"crack_000105","train","mat_crack_6","Assets/Materials/decals/mat_crack_6.mat","Assets/Textures/Concrete_cracks/CC_1.png","Assets/Scenes/Energy/demo_facet.unity","wind farm 2/wind_turbine_4/Pole/Crack_Decal"
"crack_000106","train","mat_crack_4","Assets/Materials/decals/mat_crack_4.mat","Assets/Textures/crack2.png","Assets/Scenes/Energy/demo_facet.unity","wind farm 2/wind_turbine_16/Pole/Crack_Decal"
"crack_000107","train","mat_crack_7","Assets/Materials/decals/mat_crack_7.mat","Assets/Textures/Concrete_cracks/CC_2.png","Assets/Scenes/Energy/demo_facet.unity","wind farm 2/wind_turbine_8/Pole/Crack_Decal"
"crack_000108","train","mat_crack_7","Assets/Materials/decals/mat_crack_7.mat","Assets/Textures/Concrete_cracks/CC_2.png","Assets/Scenes/Energy/demo_facet.unity","wind farm 2/wind_turbine_8/Pole/Crack_Decal"
"crack_000109","train","mat_crack_6","Assets/Materials/decals/mat_crack_6.mat","Assets/Textures/Concrete_cracks/CC_1.png","Assets/Scenes/Energy/demo_facet.unity","wind farm 2/wind_turbine_4/Pole/Crack_Decal"
"crack_000110","train","mat_crack_7","Assets/Materials/decals/mat_crack_7.mat","Assets/Textures/Concrete_cracks/CC_2.png","Assets/Scenes/Energy/demo_facet.unity","wind farm 2/wind_turbine_12/Pole/Crack_Decal"
"crack_000111","train","mat_crack_7","Assets/Materials/decals/mat_crack_7.mat","Assets/Textures/Concrete_cracks/CC_2.png","Assets/Scenes/Energy/demo_facet.unity","wind farm 2/wind_turbine_12/Pole/Crack_Decal"
"crack_000112","train","mat_crack_4","Assets/Materials/decals/mat_crack_4.mat","Assets/Textures/crack2.png","Assets/Scenes/Energy/demo_facet.unity","wind farm 2/wind_turbine_7/Pole/Crack_Decal"
"crack_000113","train","mat_crack_6","Assets/Materials/decals/mat_crack_6.mat","Assets/Textures/Concrete_cracks/CC_1.png","Assets/Scenes/Energy/demo_facet.unity","wind farm 2/wind_turbine_2/Pole/Crack_Decal"
"crack_000114","train","mat_crack_6","Assets/Materials/decals/mat_crack_6.mat","Assets/Textures/Concrete_cracks/CC_1.png","Assets/Scenes/Energy/demo_facet.unity","wind farm 2/wind_turbine_2/Pole/Crack_Decal"
"crack_000115","train","mat_crack_7","Assets/Materials/decals/mat_crack_7.mat","Assets/Textures/Concrete_cracks/CC_2.png","Assets/Scenes/Energy/demo_facet.unity","wind farm 2/wind_turbine_12/Pole/Crack_Decal"
"crack_000116","train","mat_crack_7","Assets/Materials/decals/mat_crack_7.mat","Assets/Textures/Concrete_cracks/CC_2.png","Assets/Scenes/Energy/demo_facet.unity","wind farm 2/wind_turbine_12/Pole/Crack_Decal"
"crack_000117","train","mat_crack_6","Assets/Materials/decals/mat_crack_6.mat","Assets/Textures/Concrete_cracks/CC_1.png","Assets/Scenes/Energy/demo_facet.unity","wind farm 2/wind_turbine_11/Pole/Crack_Decal"
"crack_000118","train","mat_crack_7","Assets/Materials/decals/mat_crack_7.mat","Assets/Textures/Concrete_cracks/CC_2.png","Assets/Scenes/Energy/demo_facet.unity","wind farm 2/wind_turbine_8/Pole/Crack_Decal"
"crack_000119","val","mat_crack_7","Assets/Materials/decals/mat_crack_7.mat","Assets/Textures/Concrete_cracks/CC_2.png","Assets/Scenes/Energy/demo_facet.unity","wind farm 2/wind_turbine_12/Pole/Crack_Decal"
"crack_000120","train","mat_crack_6","Assets/Materials/decals/mat_crack_6.mat","Assets/Textures/Concrete_cracks/CC_1.png","Assets/Scenes/Energy/demo_facet.unity","wind farm 2/wind_turbine_4/Pole/Crack_Decal"
"crack_000121","train","mat_crack_7","Assets/Materials/decals/mat_crack_7.mat","Assets/Textures/Concrete_cracks/CC_2.png","Assets/Scenes/Energy/demo_facet.unity","wind farm 2/wind_turbine_12/Pole/Crack_Decal"
"crack_000122","val","mat_crack_7","Assets/Materials/decals/mat_crack_7.mat","Assets/Textures/Concrete_cracks/CC_2.png","Assets/Scenes/Energy/demo_facet.unity","wind farm 2/wind_turbine_12/Pole/Crack_Decal"
"crack_000123","train","mat_crack_6","Assets/Materials/decals/mat_crack_6.mat","Assets/Textures/Concrete_cracks/CC_1.png","Assets/Scenes/Energy/demo_facet.unity","wind farm 2/wind_turbine_2/Pole/Crack_Decal"
"crack_000124","train","mat_crack_7","Assets/Materials/decals/mat_crack_7.mat","Assets/Textures/Concrete_cracks/CC_2.png","Assets/Scenes/Energy/demo_facet.unity","wind farm 2/wind_turbine_8/Pole/Crack_Decal"
"crack_000125","train","mat_crack_6","Assets/Materials/decals/mat_crack_6.mat","Assets/Textures/Concrete_cracks/CC_1.png","Assets/Scenes/Energy/demo_facet.unity","wind farm 2/wind_turbine_4/Pole/Crack_Decal"
"crack_000126","train","mat_crack_6","Assets/Materials/decals/mat_crack_6.mat","Assets/Textures/Concrete_cracks/CC_1.png","Assets/Scenes/Energy/demo_facet.unity","wind farm 2/wind_turbine_2/Pole/Crack_Decal"
"crack_000127","train","mat_crack_7","Assets/Materials/decals/mat_crack_7.mat","Assets/Textures/Concrete_cracks/CC_2.png","Assets/Scenes/Energy/demo_facet.unity","wind farm 2/wind_turbine_12/Pole/Crack_Decal"
"crack_000128","train","mat_crack_6","Assets/Materials/decals/mat_crack_6.mat","Assets/Textures/Concrete_cracks/CC_1.png","Assets/Scenes/Energy/demo_facet.unity","wind farm 2/wind_turbine_11/Pole/Crack_Decal"
"crack_000129","val","mat_crack_6","Assets/Materials/decals/mat_crack_6.mat","Assets/Textures/Concrete_cracks/CC_1.png","Assets/Scenes/Energy/demo_facet.unity","wind farm 2/wind_turbine_2/Pole/Crack_Decal"
"crack_000130","val","mat_crack_6","Assets/Materials/decals/mat_crack_6.mat","Assets/Textures/Concrete_cracks/CC_1.png","Assets/Scenes/Energy/demo_facet.unity","wind farm 2/wind_turbine_11/Pole/Crack_Decal"
"crack_000131","train","mat_crack_6","Assets/Materials/decals/mat_crack_6.mat","Assets/Textures/Concrete_cracks/CC_1.png","Assets/Scenes/Energy/demo_facet.unity","wind farm 2/wind_turbine_4/Pole/Crack_Decal"
"crack_000132","val","mat_crack_7","Assets/Materials/decals/mat_crack_7.mat","Assets/Textures/Concrete_cracks/CC_2.png","Assets/Scenes/Energy/demo_facet.unity","wind farm 2/wind_turbine_12/Pole/Crack_Decal"
"crack_000133","train","mat_crack_6","Assets/Materials/decals/mat_crack_6.mat","Assets/Textures/Concrete_cracks/CC_1.png","Assets/Scenes/Energy/demo_facet.unity","wind farm 2/wind_turbine_9/Pole/Crack_Decal"
"crack_000134","train","mat_crack_6","Assets/Materials/decals/mat_crack_6.mat","Assets/Textures/Concrete_cracks/CC_1.png","Assets/Scenes/Energy/demo_facet.unity","wind farm 2/wind_turbine_2/Pole/Crack_Decal"
"crack_000135","test","mat_crack_6","Assets/Materials/decals/mat_crack_6.mat","Assets/Textures/Concrete_cracks/CC_1.png","Assets/Scenes/Energy/demo_facet.unity","wind farm 2/wind_turbine_13/Pole/Crack_Decal"
"crack_000136","test","mat_crack_7","Assets/Materials/decals/mat_crack_7.mat","Assets/Textures/Concrete_cracks/CC_2.png","Assets/Scenes/Energy/demo_facet.unity","wind farm 2/wind_turbine_8/Pole/Crack_Decal"
"crack_000137","val","mat_crack_7","Assets/Materials/decals/mat_crack_7.mat","Assets/Textures/Concrete_cracks/CC_2.png","Assets/Scenes/Energy/demo_facet.unity","wind farm 2/wind_turbine_12/Pole/Crack_Decal"
"crack_000138","train","mat_crack_6","Assets/Materials/decals/mat_crack_6.mat","Assets/Textures/Concrete_cracks/CC_1.png","Assets/Scenes/Energy/demo_facet.unity","wind farm 2/wind_turbine_4/Pole/Crack_Decal"
"crack_000139","train","mat_crack_7","Assets/Materials/decals/mat_crack_7.mat","Assets/Textures/Concrete_cracks/CC_2.png","Assets/Scenes/Energy/demo_facet.unity","wind farm 2/wind_turbine_12/Pole/Crack_Decal"
"crack_000140","train","mat_crack_7","Assets/Materials/decals/mat_crack_7.mat","Assets/Textures/Concrete_cracks/CC_2.png","Assets/Scenes/Energy/demo_facet.unity","wind farm 2/wind_turbine_12/Pole/Crack_Decal"
"crack_000141","train","mat_crack_7","Assets/Materials/decals/mat_crack_7.mat","Assets/Textures/Concrete_cracks/CC_2.png","Assets/Scenes/Energy/demo_facet.unity","wind farm 2/wind_turbine_8/Pole/Crack_Decal"
"crack_000142","train","mat_crack_7","Assets/Materials/decals/mat_crack_7.mat","Assets/Textures/Concrete_cracks/CC_2.png","Assets/Scenes/Energy/demo_facet.unity","wind farm 2/wind_turbine_12/Pole/Crack_Decal"
"crack_000143","train","mat_crack_7","Assets/Materials/decals/mat_crack_7.mat","Assets/Textures/Concrete_cracks/CC_2.png","Assets/Scenes/Energy/demo_facet.unity","wind farm 2/wind_turbine_8/Pole/Crack_Decal"
"crack_000144","train","mat_crack_6","Assets/Materials/decals/mat_crack_6.mat","Assets/Textures/Concrete_cracks/CC_1.png","Assets/Scenes/Energy/demo_facet.unity","wind farm 2/wind_turbine_2/Pole/Crack_Decal"
"crack_000145","val","mat_crack_6","Assets/Materials/decals/mat_crack_6.mat","Assets/Textures/Concrete_cracks/CC_1.png","Assets/Scenes/Energy/demo_facet.unity","wind farm 2/wind_turbine_11/Pole/Crack_Decal"
"crack_000146","train","mat_crack_7","Assets/Materials/decals/mat_crack_7.mat","Assets/Textures/Concrete_cracks/CC_2.png","Assets/Scenes/Energy/demo_facet.unity","wind farm 2/wind_turbine_12/Pole/Crack_Decal"
"crack_000147","val","mat_crack_7","Assets/Materials/decals/mat_crack_7.mat","Assets/Textures/Concrete_cracks/CC_2.png","Assets/Scenes/Energy/demo_facet.unity","wind farm 2/wind_turbine_12/Pole/Crack_Decal"
"crack_000148","test","mat_crack_7","Assets/Materials/decals/mat_crack_7.mat","Assets/Textures/Concrete_cracks/CC_2.png","Assets/Scenes/Energy/demo_facet.unity","wind farm 2/wind_turbine_8/Pole/Crack_Decal"
"crack_000149","train","mat_crack_7","Assets/Materials/decals/mat_crack_7.mat","Assets/Textures/Concrete_cracks/CC_2.png","Assets/Scenes/Energy/demo_facet.unity","wind farm 2/wind_turbine_8/Pole/Crack_Decal"
"crack_000150","train","mat_crack_6","Assets/Materials/decals/mat_crack_6.mat","Assets/Textures/Concrete_cracks/CC_1.png","Assets/Scenes/Energy/demo_facet.unity","wind farm 2/wind_turbine_2/Pole/Crack_Decal"
"crack_000151","train","mat_crack_4","Assets/Materials/decals/mat_crack_4.mat","Assets/Textures/crack2.png","Assets/Scenes/Energy/demo_facet.unity","wind farm 2/wind_turbine_16/Pole/Crack_Decal"
"crack_000152","train","mat_crack_7","Assets/Materials/decals/mat_crack_7.mat","Assets/Textures/Concrete_cracks/CC_2.png","Assets/Scenes/Energy/demo_facet.unity","wind farm 2/wind_turbine_12/Pole/Crack_Decal"
"crack_000153","val","mat_crack_6","Assets/Materials/decals/mat_crack_6.mat","Assets/Textures/Concrete_cracks/CC_1.png","Assets/Scenes/Energy/demo_facet.unity","wind farm 2/wind_turbine_2/Pole/Crack_Decal"
"crack_000154","train","mat_crack_6","Assets/Materials/decals/mat_crack_6.mat","Assets/Textures/Concrete_cracks/CC_1.png","Assets/Scenes/Energy/demo_facet.unity","wind farm 2/wind_turbine_11/Pole/Crack_Decal"
"crack_000155","train","mat_crack_6","Assets/Materials/decals/mat_crack_6.mat","Assets/Textures/Concrete_cracks/CC_1.png","Assets/Scenes/Energy/demo_facet.unity","wind farm 2/wind_turbine_9/Pole/Crack_Decal"
"crack_000156","test","mat_crack_5","Assets/Materials/decals/mat_crack_5.mat","Assets/Textures/crack_blade.png","Assets/Scenes/Energy/demo_facet.unity","wind farm 2/wind_turbine_5/Pole/Crack_Decal"
"crack_000157","train","mat_crack_7","Assets/Materials/decals/mat_crack_7.mat","Assets/Textures/Concrete_cracks/CC_2.png","Assets/Scenes/Energy/demo_facet.unity","wind farm 2/wind_turbine_12/Pole/Crack_Decal"
"crack_000158","train","mat_crack_4","Assets/Materials/decals/mat_crack_4.mat","Assets/Textures/crack2.png","Assets/Scenes/Energy/demo_facet.unity","wind farm 2/wind_turbine_16/Pole/Crack_Decal"
"crack_000159","train","mat_crack_6","Assets/Materials/decals/mat_crack_6.mat","Assets/Textures/Concrete_cracks/CC_1.png","Assets/Scenes/Energy/demo_facet.unity","wind farm 2/wind_turbine_2/Pole/Crack_Decal"
"crack_000160","train","mat_crack_7","Assets/Materials/decals/mat_crack_7.mat","Assets/Textures/Concrete_cracks/CC_2.png","Assets/Scenes/Energy/demo_facet.unity","wind farm 2/wind_turbine_12/Pole/Crack_Decal"
"crack_000161","train","mat_crack_6","Assets/Materials/decals/mat_crack_6.mat","Assets/Textures/Concrete_cracks/CC_1.png","Assets/Scenes/Energy/demo_facet.unity","wind farm 2/wind_turbine_4/Pole/Crack_Decal"
"crack_000162","train","mat_crack_6","Assets/Materials/decals/mat_crack_6.mat","Assets/Textures/Concrete_cracks/CC_1.png","Assets/Scenes/Energy/demo_facet.unity","wind farm 2/wind_turbine_4/Pole/Crack_Decal"
"crack_000163","test","mat_crack_7","Assets/Materials/decals/mat_crack_7.mat","Assets/Textures/Concrete_cracks/CC_2.png","Assets/Scenes/Energy/demo_facet.unity","wind farm 2/wind_turbine_8/Pole/Crack_Decal"
"crack_000164","val","mat_crack_6","Assets/Materials/decals/mat_crack_6.mat","Assets/Textures/Concrete_cracks/CC_1.png","Assets/Scenes/Energy/demo_facet.unity","wind farm 2/wind_turbine_2/Pole/Crack_Decal"
"crack_000165","train","mat_crack_7","Assets/Materials/decals/mat_crack_7.mat","Assets/Textures/Concrete_cracks/CC_2.png","Assets/Scenes/Energy/demo_facet.unity","wind farm 2/wind_turbine_8/Pole/Crack_Decal"
"crack_000166","train","mat_crack_4","Assets/Materials/decals/mat_crack_4.mat","Assets/Textures/crack2.png","Assets/Scenes/Energy/demo_facet.unity","wind farm 2/wind_turbine_7/Pole/Crack_Decal"
"crack_000167","train","mat_crack_6","Assets/Materials/decals/mat_crack_6.mat","Assets/Textures/Concrete_cracks/CC_1.png","Assets/Scenes/Energy/demo_facet.unity","wind farm 2/wind_turbine_11/Pole/Crack_Decal"
"crack_000168","train","mat_crack_7","Assets/Materials/decals/mat_crack_7.mat","Assets/Textures/Concrete_cracks/CC_2.png","Assets/Scenes/Energy/demo_facet.unity","wind farm 2/wind_turbine_12/Pole/Crack_Decal"
"crack_000169","train","mat_crack_6","Assets/Materials/decals/mat_crack_6.mat","Assets/Textures/Concrete_cracks/CC_1.png","Assets/Scenes/Energy/demo_facet.unity","wind farm 2/wind_turbine_2/Pole/Crack_Decal"
"crack_000170","train","mat_crack_6","Assets/Materials/decals/mat_crack_6.mat","Assets/Textures/Concrete_cracks/CC_1.png","Assets/Scenes/Energy/demo_facet.unity","wind farm 2/wind_turbine_2/Pole/Crack_Decal"
"crack_000171","test","mat_crack_7","Assets/Materials/decals/mat_crack_7.mat","Assets/Textures/Concrete_cracks/CC_2.png","Assets/Scenes/Energy/demo_facet.unity","wind farm 2/wind_turbine_8/Pole/Crack_Decal"
"crack_000172","train","mat_crack_7","Assets/Materials/decals/mat_crack_7.mat","Assets/Textures/Concrete_cracks/CC_2.png","Assets/Scenes/Energy/demo_facet.unity","wind farm 2/wind_turbine_8/Pole/Crack_Decal"
"crack_000173","val","mat_crack_7","Assets/Materials/decals/mat_crack_7.mat","Assets/Textures/Concrete_cracks/CC_2.png","Assets/Scenes/Energy/demo_facet.unity","wind farm 2/wind_turbine_12/Pole/Crack_Decal"
"crack_000174","train","mat_crack_7","Assets/Materials/decals/mat_crack_7.mat","Assets/Textures/Concrete_cracks/CC_2.png","Assets/Scenes/Energy/demo_facet.unity","wind farm 2/wind_turbine_12/Pole/Crack_Decal"
"crack_000175","train","mat_crack_6","Assets/Materials/decals/mat_crack_6.mat","Assets/Textures/Concrete_cracks/CC_1.png","Assets/Scenes/Energy/demo_facet.unity","wind farm 2/wind_turbine_13/Pole/Crack_Decal"
"crack_000176","val","mat_crack_6","Assets/Materials/decals/mat_crack_6.mat","Assets/Textures/Concrete_cracks/CC_1.png","Assets/Scenes/Energy/demo_facet.unity","wind farm 2/wind_turbine_11/Pole/Crack_Decal"
"crack_000177","val","mat_crack_7","Assets/Materials/decals/mat_crack_7.mat","Assets/Textures/Concrete_cracks/CC_2.png","Assets/Scenes/Energy/demo_facet.unity","wind farm 2/wind_turbine_12/Pole/Crack_Decal"
"crack_000178","train","mat_crack_6","Assets/Materials/decals/mat_crack_6.mat","Assets/Textures/Concrete_cracks/CC_1.png","Assets/Scenes/Energy/demo_facet.unity","wind farm 2/wind_turbine_2/Pole/Crack_Decal"
"crack_000179","val","mat_crack_7","Assets/Materials/decals/mat_crack_7.mat","Assets/Textures/Concrete_cracks/CC_2.png","Assets/Scenes/Energy/demo_facet.unity","wind farm 2/wind_turbine_12/Pole/Crack_Decal"
"crack_000180","train","mat_crack_4","Assets/Materials/decals/mat_crack_4.mat","Assets/Textures/crack2.png","Assets/Scenes/Energy/demo_facet.unity","wind farm 2/wind_turbine_16/Pole/Crack_Decal"
"crack_000181","val","mat_crack_6","Assets/Materials/decals/mat_crack_6.mat","Assets/Textures/Concrete_cracks/CC_1.png","Assets/Scenes/Energy/demo_facet.unity","wind farm 2/wind_turbine_11/Pole/Crack_Decal"
"crack_000182","train","mat_crack_7","Assets/Materials/decals/mat_crack_7.mat","Assets/Textures/Concrete_cracks/CC_2.png","Assets/Scenes/Energy/demo_facet.unity","wind farm 2/wind_turbine_8/Pole/Crack_Decal"
"crack_000183","train","mat_crack_6","Assets/Materials/decals/mat_crack_6.mat","Assets/Textures/Concrete_cracks/CC_1.png","Assets/Scenes/Energy/demo_facet.unity","wind farm 2/wind_turbine_2/Pole/Crack_Decal"
"crack_000184","train","mat_crack_7","Assets/Materials/decals/mat_crack_7.mat","Assets/Textures/Concrete_cracks/CC_2.png","Assets/Scenes/Energy/demo_facet.unity","wind farm 2/wind_turbine_12/Pole/Crack_Decal"
"crack_000185","train","mat_crack_6","Assets/Materials/decals/mat_crack_6.mat","Assets/Textures/Concrete_cracks/CC_1.png","Assets/Scenes/Energy/demo_facet.unity","wind farm 2/wind_turbine_2/Pole/Crack_Decal"
"crack_000186","train","mat_crack_7","Assets/Materials/decals/mat_crack_7.mat","Assets/Textures/Concrete_cracks/CC_2.png","Assets/Scenes/Energy/demo_facet.unity","wind farm 2/wind_turbine_12/Pole/Crack_Decal"
"crack_000187","test","mat_crack_6","Assets/Materials/decals/mat_crack_6.mat","Assets/Textures/Concrete_cracks/CC_1.png","Assets/Scenes/Energy/demo_facet.unity","wind farm 2/wind_turbine_13/Pole/Crack_Decal"
"crack_000188","train","mat_crack_4","Assets/Materials/decals/mat_crack_4.mat","Assets/Textures/crack2.png","Assets/Scenes/Energy/demo_facet.unity","wind farm 2/wind_turbine_16/Pole/Crack_Decal"
"crack_000189","train","mat_crack_7","Assets/Materials/decals/mat_crack_7.mat","Assets/Textures/Concrete_cracks/CC_2.png","Assets/Scenes/Energy/demo_facet.unity","wind farm 2/wind_turbine_12/Pole/Crack_Decal"
"crack_000190","train","mat_crack_4","Assets/Materials/decals/mat_crack_4.mat","Assets/Textures/crack2.png","Assets/Scenes/Energy/demo_facet.unity","wind farm 2/wind_turbine_7/Pole/Crack_Decal"
"crack_000191","train","mat_crack_4","Assets/Materials/decals/mat_crack_4.mat","Assets/Textures/crack2.png","Assets/Scenes/Energy/demo_facet.unity","wind farm 2/wind_turbine_16/Pole/Crack_Decal"
"crack_000192","train","mat_crack_7","Assets/Materials/decals/mat_crack_7.mat","Assets/Textures/Concrete_cracks/CC_2.png","Assets/Scenes/Energy/demo_facet.unity","wind farm 2/wind_turbine_12/Pole/Crack_Decal"
"crack_000193","train","mat_crack_7","Assets/Materials/decals/mat_crack_7.mat","Assets/Textures/Concrete_cracks/CC_2.png","Assets/Scenes/Energy/demo_facet.unity","wind farm 2/wind_turbine_12/Pole/Crack_Decal"
"crack_000194","val","mat_crack_7","Assets/Materials/decals/mat_crack_7.mat","Assets/Textures/Concrete_cracks/CC_2.png","Assets/Scenes/Energy/demo_facet.unity","wind farm 2/wind_turbine_12/Pole/Crack_Decal"
"crack_000195","train","mat_crack_7","Assets/Materials/decals/mat_crack_7.mat","Assets/Textures/Concrete_cracks/CC_2.png","Assets/Scenes/Energy/demo_facet.unity","wind farm 2/wind_turbine_12/Pole/Crack_Decal"
"crack_000196","train","mat_crack_6","Assets/Materials/decals/mat_crack_6.mat","Assets/Textures/Concrete_cracks/CC_1.png","Assets/Scenes/Energy/demo_facet.unity","wind farm 2/wind_turbine_9/Pole/Crack_Decal"
"crack_000197","train","mat_crack_7","Assets/Materials/decals/mat_crack_7.mat","Assets/Textures/Concrete_cracks/CC_2.png","Assets/Scenes/Energy/demo_facet.unity","wind farm 2/wind_turbine_12/Pole/Crack_Decal"
"crack_000198","train","mat_crack_7","Assets/Materials/decals/mat_crack_7.mat","Assets/Textures/Concrete_cracks/CC_2.png","Assets/Scenes/Energy/demo_facet.unity","wind farm 2/wind_turbine_12/Pole/Crack_Decal"
"crack_000199","train","mat_crack_6","Assets/Materials/decals/mat_crack_6.mat","Assets/Textures/Concrete_cracks/CC_1.png","Assets/Scenes/Energy/demo_facet.unity","wind farm 2/wind_turbine_11/Pole/Crack_Decal"
"crack_000200","train","mat_crack_7","Assets/Materials/decals/mat_crack_7.mat","Assets/Textures/Concrete_cracks/CC_2.png","Assets/Scenes/Energy/demo_facet.unity","wind farm 2/wind_turbine_8/Pole/Crack_Decal"
