time,x,y,z,rel_vel_mag,alpha_deg,alpha_geom_deg,cl,cd,cm
1200.5,1134,-426.545050983,118.02550478,27.6082740638,1.78520690337,10.147314159,0.261370354064,0.0676117138474,2.22507385851e-308
1201,1134,-415.306396319,108.281498822,27.6366449256,1.86479469511,10.147314159,0.412710532965,0.0675917946499,2.22507385851e-308
1201.5,1134,-409.784689694,94.4697731253,27.6645136579,1.92533810883,10.147314159,0.418376119252,0.0676369721112,2.22507385851e-308
1202,1134,-411.208536883,79.6635018205,27.6930791657,2.01304692584,10.147314159,0.426135089962,0.0675222240813,2.22507385851e-308
1202.5,1134,-419.261125168,67.1571501271,27.7074690453,2.08841576839,10.147314159,0.432437611501,0.0675771149946,2.22507385851e-308
1203,1134,-432.150715665,59.7334403007,27.6984220849,2.20073862615,10.147314159,0.441406904711,0.0675933279855,2.22507385851e-308
1203.5,1134,-447.009313677,59.0441828018,27.6540641684,2.25378186774,10.147314159,0.44459345147,0.0676171493279,2.22507385851e-308
1204,1134,-460.530811044,65.2427406759,27.5994258365,2.2238950794,10.147314159,0.441357661294,0.0675083432469,2.22507385851e-308
1204.5,1134,-469.706610809,76.9499055518,27.565976291,2.13404361724,10.147314159,0.432986889949,0.0674210257313,2.22507385851e-308
1205,1134,-472.495054235,91.5607780114,27.5510848423,1.98077360245,10.147314159,0.419958368546,0.0673738488179,2.22507385851e-308
1205.5,1134,-468.275699503,105.82437,27.5571401653,1.8941693478,10.147314159,0.41216616617,0.067350059923,2.22507385851e-308
1206,1134,-457.987372948,116.566965006,27.5710238746,1.82450406457,10.147314159,0.406664131981,0.067415141315,2.22507385851e-308
1206.5,1134,-443.919275767,121.398284957,27.5868448227,1.79197605388,10.147314159,0.404456529475,0.0674919367132,2.22507385851e-308
1207,1134,-429.201625955,119.243338372,27.606634689,1.80742258242,10.147314159,0.406413090186,0.067540448091,2.22507385851e-308
1207.5,1134,-417.109170031,110.581611032,27.6298264667,1.84250645003,10.147314159,0.410495673176,0.0675933278026,2.22507385851e-308
1208,1134,-410.332536491,97.3403781358,27.658261809,1.90699791825,10.147314159,0.416878986782,0.067484606284,2.22507385851e-308
1208.5,1134,-410.379558267,82.4658764728,27.6864396912,1.97621491623,10.147314159,0.423260909033,0.0674361720394,2.22507385851e-308
1209,1134,-417.239772792,69.2677528399,27.7035701762,2.04908169159,10.147314159,0.429295428474,0.0676357636811,2.22507385851e-308
1209.5,1134,-429.38674997,60.6826520126,27.70124775,2.16289273883,10.147314159,0.438256546766,0.0676338824312,2.22507385851e-308
1210,1134,-444.117730069,58.6207994288,27.6628712735,2.2296953941,10.147314159,0.442798278962,0.0676625466995,2.22507385851e-308
1210.5,1134,-458.155000519,63.5409670159,27.6079250149,2.22042661184,10.147314159,0.441216471848,0.0675434360245,2.22507385851e-308
1211,1134,-468.375202418,74.3483942729,27.569462459,2.13604703722,10.147314159,0.433339924563,0.0674161963416,2.22507385851e-308
1211.5,1134,-472.504292626,88.6383776469,27.5505853108,1.98809352983,10.147314159,0.420741563722,0.067397450101,2.22507385851e-308
1212,1134,-469.62352909,103.231328418,27.5540521534,1.90052636725,10.147314159,0.412804546146,0.0673951469909,2.22507385851e-308
1212.5,1134,-460.373895289,114.880246193,27.5663444378,1.81668914979,10.147314159,0.406080154426,0.0674324191536,2.22507385851e-308
1213,1134,-446.813478382,120.993191807,27.5823376756,1.78276665243,10.147314159,0.403585953506,0.06749051915,2.22507385851e-308
1213.5,1134,-431.959535108,120.210006021,27.6019230879,1.79394937006,10.147314159,0.405210048911,0.0675360296811,2.22507385851e-308
1214,1134,-419.117137924,112.704951368,27.6241105239,1.82457204949,10.147314159,0.408535763603,0.0676085653466,2.22507385851e-308
1214.5,1134,-411.143780793,100.147937916,27.6515864654,1.88243804388,10.147314159,0.414131472416,0.067590869083,2.22507385851e-308
1215,1134,-409.813573295,85.3329604008,27.6784441365,1.93547842853,10.147314159,0.419576986594,0.0676135158186,2.22507385851e-308
1215.5,1134,-415.422492872,71.5564212149,27.6996797124,2.01613490434,10.147314159,0.426442591316,0.067684995825,2.22507385851e-308
1216,1134,-426.722528458,61.8836653236,27.7036810661,2.13226584538,10.147314159,0.435710853236,0.067660943721,2.22507385851e-308
1216.5,1134,-441.199368821,58.4669265477,27.6712922327,2.20971769321,10.147314159,0.44138624615,0.067680189496,2.22507385851e-308
1217,1134,-455.631848681,62.0664453848,27.6175283874,2.22045528741,10.147314159,0.441391228463,0.067579559725,2.22507385851e-308
1217.5,1134,-466.808673178,71.8813119113,27.5728019778,2.13924381728,10.147314159,0.43373426143,0.0674854254559,2.22507385851e-308
1218,1134,-472.24294613,85.7276720197,27.5530500362,2.02657283389,10.147314159,0.424462856076,0.0674020828121,2.22507385851e-308
1218.5,1134,-470.725516167,100.52464526,27.5509268098,1.89199305012,10.147314159,0.41196365323,0.0674061673173,2.22507385851e-308
1219,1134,-462.594018615,112.979835276,27.5621809979,1.81594323917,10.147314159,0.405844027202,0.0674628381965,2.22507385851e-308
1219.5,1134,-449.657750043,120.321903526,27.5786343419,1.78151959083,10.147314159,0.403243471083,0.0674952831731,2.22507385851e-308
1220,1134,-434.79509124,120.917205187,27.5972142616,1.78387057395,10.147314159,0.404294661552,0.0675586933761,2.22507385851e-308
1220.5,1134,-421.31305391,114.633282829,27.6184826763,1.80789525111,10.147314159,0.406648182705,0.0676312391614,2.22507385851e-308
1221,1134,-412.211454966,102.868338824,27.6436002354,1.83873696465,10.147314159,0.409721829239,0.0677054719473,2.22507385851e-308
1221.5,1134,-409.515443113,88.2401287196,27.6697682424,1.8877086274,10.147314159,0.414783098768,0.0677722442118,2.22507385851e-308
1222,1134,-413.824893709,74.0034982779,27.6944935098,1.98096834179,10.147314159,0.423237566576,0.067746319171,2.22507385851e-308
1222.5,1134,-424.180933664,63.3261649392,27.7051108412,2.10613273731,10.147314159,0.43353698586,0.0676746587566,2.22507385851e-308
1223,1134,-438.279295229,58.583885746,27.680217389,2.2013085475,10.147314159,0.441059770112,0.0676794052278,2.22507385851e-308
1223.5,1134,-452.983026442,60.8318401922,27.6282635862,2.22414468115,10.147314159,0.441786931763,0.0676264612826,2.22507385851e-308
1224,1134,-465.020477736,69.5698478081,27.5783359937,2.15088628944,10.147314159,0.434849396554,0.0675384886928,2.22507385851e-308
1224.5,1134,-471.713259409,82.853660674,27.5542629063,2.04324450007,10.147314159,0.425923803211,0.0673921908718,2.22507385851e-308
1225,1134,-471.572195961,97.7275677556,27.5508121432,1.92656190391,10.147314159,0.415902942304,0.0673554879897,2.22507385851e-308
1225.5,1134,-464.628674675,110.882054554,27.5592369829,1.82648619218,10.147314159,0.406623868058,0.067471830921,2.22507385851e-308
1226,1134,-452.427661796,119.390185694,27.5753308292,1.78431301015,10.147314159,0.403375017138,0.067495773829,2.22507385851e-308
1226.5,1134,-437.683940253,121.358861858,27.5928985592,1.77544457349,10.147314159,0.403482688062,0.0675563398475,2.22507385851e-308
1227,1134,-423.678057649,116.35004331,27.6137658781,1.79799337173,10.147314159,0.405559768842,0.0676551445335,2.22507385851e-308
1227.5,1134,-413.526388941,105.47821581,27.6380515217,1.8309853787,10.147314159,0.409286767986,0.0677758505906,2.22507385851e-308
1228,1134,-409.487728311,91.1624122664,27.6640507708,1.86748108227,10.147314159,0.412831200317,0.0677669546211,2.22507385851e-308
1228.5,1134,-412.460696804,76.5879665099,27.6908054816,1.95683871252,10.147314159,0.420743802678,0.0676970936032,2.22507385851e-308
1229,1134,-421.783794903,64.9977614814,27.7059261038,2.08672302387,10.147314159,0.432188643865,0.0676417588297,2.22507385851e-308
1229.5,1134,-435.382589296,58.9706724814,27.688396076,2.18919169099,10.147314159,0.440334793085,0.0676717965656,2.22507385851e-308
1230,1134,-450.231284074,59.8477552473,27.6390520146,2.22535077167,10.147314159,0.442013466772,0.0676456716784,2.22507385851e-308
1230.5,1134,-463.025974592,67.433854726,27.5857324971,2.16664953731,10.147314159,0.436331920411,0.0675490601767,2.22507385851e-308
1231,1134,-470.919781848,80.0410279928,27.5559691376,2.0535420249,10.147314159,0.426299963914,0.0674257786711,2.22507385851e-308
1231.5,1134,-472.156296484,94.8641195166,27.5509536624,1.95541265452,10.147314159,0.418487745427,0.0673488784987,2.22507385851e-308
1232,1134,-466.46038816,108.6049215,27.5569312958,1.84368520663,10.147314159,0.40810638855,0.0674372662821,2.22507385851e-308
1232.5,1134,-455.099423351,118.206040673,27.5719754785,1.7889501247,10.147314159,0.403604106622,0.0674911055169,2.22507385851e-308
1233,1134,-440.601270327,121.531182723,27.5885463795,1.76576887063,10.147314159,0.402350982197,0.0675588848344,2.22507385851e-308
1233.5,1134,-426.191836536,117.840487857,27.6091293733,1.78999096129,10.147314159,0.404888609781,0.067614586603,2.22507385851e-308
1234,1134,-415.077288979,107.955153094,27.6337338724,1.82872351899,10.147314159,0.409462169917,0.0676801737549,2.22507385851e-308
1234.5,1134,-409.730666925,94.0747120567,27.6615687438,1.88711525633,10.147314159,0.415028503935,0.0677406342761,2.22507385851e-308
1235,1134,-411.341619006,79.287628363,27.6899886074,1.97651320633,10.147314159,0.422946960341,0.0676110567704,2.22507385851e-308
1235.5,1134,-419.551700783,66.8840978985,27.7044338041,2.05696647379,10.147314159,0.429820886208,0.0676308292389,2.22507385851e-308
1236,1134,-432.534130327,59.6239647099,27.6948057103,2.17084003798,10.147314159,0.43893949588,0.0676459832032,2.22507385851e-308
1236.5,1134,-447.400255814,59.1226426844,27.6496460437,2.22126918883,10.147314159,0.441877072199,0.0676628858053,2.22507385851e-308
1237,1134,-460.842294186,65.4916783378,27.5946872167,2.18687773162,10.147314159,0.438250785574,0.0675542341697,2.22507385851e-308
1237.5,1134,-469.869328489,77.3139311888,27.5617876017,2.0979578337,10.147314159,0.429982126142,0.0674692243918,2.22507385851e-308
1238,1134,-472.472801,91.9588942018,27.5480215734,1.95385020107,10.147314159,0.417687490575,0.0674323201297,2.22507385851e-308
1238.5,1134,-468.073426803,106.167994013,27.5546005509,1.86323708543,10.147314159,0.409447873415,0.0674100536328,2.22507385851e-308
1239,1134,-457.650087413,116.779638877,27.5686283701,1.79525478475,10.147314159,0.404127531403,0.0674700165163,2.22507385851e-308
1239.5,1134,-443.52202502,121.432687748,27.5845815331,1.76554618401,10.147314159,0.402199946292,0.0675454760513,2.22507385851e-308
1240,1134,-428.832800162,119.091815299,27.6047215953,1.78398952502,10.147314159,0.40440821081,0.067594086374,2.22507385851e-308
1240.5,1134,-416.850834671,110.277876693,27.6283978483,1.81922512772,10.147314159,0.408500298867,0.0676364118901,2.22507385851e-308
1241,1134,-410.242172399,96.9520148543,27.6569757492,1.88527028168,10.147314159,0.415075549095,0.0675309168529,2.22507385851e-308
1241.5,1134,-410.47727188,82.0792969116,27.6854929431,1.95773336044,10.147314159,0.421737865224,0.0674645595133,2.22507385851e-308
1242,1134,-417.503822372,68.9689727751,27.7022991058,2.0327934825,10.147314159,0.428007704168,0.0676588750671,2.22507385851e-308
1242.5,1134,-429.758383238,60.5381514184,27.6992318956,2.14784166532,10.147314159,0.43704038199,0.0676574023086,2.22507385851e-308
1243,1134,-444.51425687,58.662730369,27.6598178323,2.21325347915,10.147314159,0.441426514892,0.0676859928449,2.22507385851e-308
1243.5,1134,-458.488191769,63.7599996586,27.6043046834,2.20168713147,10.147314159,0.439676616584,0.0675628090101,2.22507385851e-308
1244,1134,-468.570921492,74.6957928217,27.5666587218,2.11959608739,10.147314159,0.431998119041,0.0674359218016,2.22507385851e-308
1244.5,1134,-472.518991106,89.0368442856,27.5483723464,1.96852235078,10.147314159,0.419029382679,0.0674210358717,2.22507385851e-308
1245,1134,-469.453936496,103.59220244,27.5525831246,1.88622691669,10.147314159,0.411600940798,0.0674137039449,2.22507385851e-308
1245.5,1134,-460.057746772,115.123231425,27.5652779006,1.80386615968,10.147314159,0.40500457036,0.0674554649656,2.22507385851e-308
1246,1134,-446.42111848,121.064222889,27.581176907,1.76977084487,10.147314159,0.402490133736,0.0675179435979,2.22507385851e-308
1246.5,1134,-431.578265749,120.093278203,27.601108952,1.78309319339,10.147314159,0.404300532068,0.0675583747066,2.22507385851e-308
1247,1134,-418.83179334,112.426437139,27.6237724964,1.81475584837,10.147314159,0.407785833362,0.0676273943567,2.22507385851e-308
1247.5,1134,-411.0178515,99.7696080064,27.6516313924,1.87435025809,10.147314159,0.413564988354,0.0675897386862,2.22507385851e-308
1248,1134,-409.875079154,84.9389950004,27.6788339453,1.93068774724,10.147314159,0.419257603439,0.0675962614553,2.22507385851e-308
1248.5,1134,-415.65774854,71.2344794841,27.699370324,2.01060007128,10.147314159,0.426029192882,0.0676892855277,2.22507385851e-308
1249,1134,-427.079188439,61.7053808163,27.7025383287,2.12697710675,10.147314159,0.435306010356,0.0676733240845,2.22507385851e-308
1249.5,1134,-441.598074586,58.4719684081,27.6691551014,2.20321968703,10.147314159,0.44081633655,0.0676905944294,2.22507385851e-308
1250,1134,-455.983886317,62.253691775,27.6149081038,2.21289013449,10.147314159,0.440752000576,0.0675838637502,2.22507385851e-308
1250.5,1134,-467.035712649,72.2090996262,27.5708335991,2.13137322152,10.147314159,0.433059110321,0.0674844352519,2.22507385851e-308
1251,1134,-472.294470084,86.1230667462,27.5516255678,2.01785370154,10.147314159,0.423726049926,0.0674193925264,2.22507385851e-308
1251.5,1134,-470.59006028,100.899669806,27.5501930765,1.88316124483,10.147314159,0.411176141047,0.0674127641588,2.22507385851e-308
1252,1134,-462.301722462,113.251044911,27.5615835252,1.8085596945,10.147314159,0.405224348494,0.0674745393147,2.22507385851e-308
1252.5,1134,-449.273650896,120.428952827,27.5782209791,1.77570663988,10.147314159,0.402776581066,0.0675051842574,2.22507385851e-308
1253,1134,-434.404652972,120.836275178,27.5970070622,1.77901626746,10.147314159,0.403864274241,0.0675680051667,2.22507385851e-308
1253.5,1134,-421.003150877,114.38238082,27.618514992,1.80305167752,10.147314159,0.406270617408,0.0676389561826,2.22507385851e-308
1254,1134,-412.051042056,102.503291696,27.6443921805,1.84035309107,10.147314159,0.409957264865,0.0677033994203,2.22507385851e-308
1254.5,1134,-409.540212955,87.8421611801,27.6703982111,1.89121122471,10.147314159,0.415183816757,0.0677803970926,2.22507385851e-308
1255,1134,-414.029334896,73.6611599824,27.6949330829,1.98201563773,10.147314159,0.423347464441,0.0677447137412,2.22507385851e-308
1255.5,1134,-424.519557067,63.1156277735,27.7045161155,2.10517370395,10.147314159,0.433429313555,0.0676843267649,2.22507385851e-308
1256,1134,-438.676755544,58.5519952227,27.6785168421,2.19879836423,10.147314159,0.440796337207,0.0676844176851,2.22507385851e-308
1256.5,1134,-453.350886873,60.9856921033,27.626141883,2.22036261204,10.147314159,0.441453211396,0.0676236556585,2.22507385851e-308
1257,1134,-465.276887603,69.8752093774,27.5766946555,2.1452324064,10.147314159,0.434358564292,0.0675375328419,2.22507385851e-308
1257.5,1134,-471.801166305,83.2425875117,27.5535202805,2.03985476204,10.147314159,0.425638365376,0.0673928004466,2.22507385851e-308
1258,1134,-471.472040187,98.1135218054,27.5501827351,1.91964338542,10.147314159,0.415155032324,0.0673733620914,2.22507385851e-308
1258.5,1134,-464.362741364,111.179159219,27.5590833897,1.82203910447,10.147314159,0.406255761527,0.0674713979166,2.22507385851e-308
1259,1134,-452.055122365,119.532333785,27.5752569766,1.78053212697,10.147314159,0.403039857053,0.0675012028371,2.22507385851e-308
1259.5,1134,-437.287686482,121.314424753,27.5930959141,1.77433362425,10.147314159,0.403428427762,0.0675626483902,2.22507385851e-308
1260,1134,-423.346257872,116.128908476,27.6140689665,1.79615551056,10.147314159,0.405417534618,0.0676573830913,2.22507385851e-308
1260.5,1134,-413.332870173,105.129586789,27.6384980816,1.82957646649,10.147314159,0.409096910819,0.0677815585508,2.22507385851e-308
1261,1134,-409.475549392,90.763860662,27.6647179131,1.865143191,10.147314159,0.412626272594,0.0677605713792,2.22507385851e-308
1261.5,1134,-412.6325676,76.2281719338,27.6908791132,1.95628980706,10.147314159,0.420721224562,0.0677208741901,2.22507385851e-308
1262,1134,-422.101473351,64.7567799244,27.7056659718,2.0869851127,10.147314159,0.432169085284,0.0676481232681,2.22507385851e-308
1262.5,1134,-435.775390444,58.9021234767,27.6871057642,2.18921774705,10.147314159,0.440320551015,0.0676769867138,2.22507385851e-308
1263,1134,-450.611807812,59.966891272,27.637305695,2.22415717205,10.147314159,0.441902449733,0.0676441606764,2.22507385851e-308
1263.5,1134,-463.309552594,67.7141674524,27.5842127065,2.16205358095,10.147314159,0.43589993162,0.0675483920548,2.22507385851e-308
1264,1134,-471.04331667,80.4201465169,27.5550861817,2.04907530526,10.147314159,0.425969174971,0.0674368542524,2.22507385851e-308
1264.5,1134,-472.092301045,95.2576881781,27.5505341228,1.9510558756,10.147314159,0.418127546897,0.0673389798841,2.22507385851e-308
1265,1134,-466.223101748,108.925369415,27.5568506631,1.83935408554,10.147314159,0.407739774016,0.067447260873,2.22507385851e-308
1265.5,1134,-454.741643312,118.382066668,27.5721025266,1.78626337753,10.147314159,0.403372847182,0.0674973602942,2.22507385851e-308
1266,1134,-440.202604407,121.523620185,27.58892397,1.76516102773,10.147314159,0.402331850363,0.0675608577812,2.22507385851e-308
1266.5,1134,-425.840989784,117.651019485,27.6095124982,1.78892394521,10.147314159,0.404783028119,0.0676230472651,2.22507385851e-308
1267,1134,-414.852326452,107.625936495,27.634150115,1.82756642718,10.147314159,0.409324765332,0.0676981763437,2.22507385851e-308
1267.5,1134,-409.681643847,93.6789994775,27.6617561391,1.88401153209,10.147314159,0.414694044183,0.0677722904893,2.22507385851e-308
1268,1134,-411.479443243,78.9134677193,27.6900692351,1.97322236469,10.147314159,0.422583373748,0.0676308859066,2.22507385851e-308
1268.5,1134,-419.845705792,66.6147416987,27.7044348548,2.05816068819,10.147314159,0.429883474085,0.0676361059838,2.22507385851e-308
1269,1134,-432.918898606,59.5193459793,27.6938825057,2.1723439053,10.147314159,0.439059160811,0.067651475661,2.22507385851e-308
1269.5,1134,-447.790174606,59.2060395841,27.6480097404,2.22095235267,10.147314159,0.441822520426,0.0676624198204,2.22507385851e-308
1270,1134,-461.150604721,65.7445346642,27.5931012325,2.18240292251,10.147314159,0.437819537647,0.067557002978,2.22507385851e-308
1270.5,1134,-470.027430217,77.6799852162,27.560675066,2.09042135558,10.147314159,0.429319692194,0.0674715368638,2.22507385851e-308
1271,1134,-472.445515541,92.3566971822,27.5479965748,1.95423583872,10.147314159,0.417844607045,0.0674273622907,2.22507385851e-308
1271.5,1134,-467.866825301,106.509032907,27.5546211365,1.8590091266,10.147314159,0.409109973217,0.0674154929248,2.22507385851e-308
1272,1134,-457.310139677,116.988030921,27.5688542935,1.79294144452,10.147314159,0.403941637003,0.0674749841903,2.22507385851e-308
1272.5,1134,-443.124371024,121.462064729,27.584863473,1.76359802087,10.147314159,0.402042170644,0.0675490655151,2.22507385851e-308
1273,1134,-428.465919797,118.9356407,27.6051449777,1.78343883927,10.147314159,0.404357847328,0.067599767579,2.22507385851e-308
1273.5,1134,-416.596360549,109.9709001,27.6289682097,1.81826985321,10.147314159,0.40843374626,0.067638422377,2.22507385851e-308
1274,1134,-410.156726213,96.5625400069,27.6574188035,1.88408214806,10.147314159,0.414985925552,0.0675417151716,2.22507385851e-308
1274.5,1134,-410.579865809,81.6939838009,27.6864691409,1.96168688497,10.147314159,0.422079950134,0.067471356541,2.22507385851e-308
1275,1134,-417.771628783,68.6735553862,27.7026486779,2.03546774799,10.147314159,0.428257561445,0.0676495907254,2.22507385851e-308
1275.5,1134,-430.131813941,60.3983615139,27.6986739003,2.15089069864,10.147314159,0.437315450655,0.0676549768344,2.22507385851e-308
1276,1134,-444.910221772,58.7096718623,27.6583727949,2.21372464909,10.147314159,0.441437949766,0.0676836005734,2.22507385851e-308
1276.5,1134,-458.818586811,63.9832278459,27.6027597266,2.19894152392,10.147314159,0.439451484942,0.0675605426565,2.22507385851e-308
1277,1134,-468.762232219,75.0456383781,27.5660804527,2.11784183576,10.147314159,0.431871704449,0.0674379911543,2.22507385851e-308
1277.5,1134,-472.528649978,89.4354649244,27.5481550113,1.96329895958,10.147314159,0.418565207185,0.0674207110224,2.22507385851e-308
1278,1134,-469.279794368,103.950903188,27.5527246195,1.88284774536,10.147314159,0.411318482426,0.067410280495,2.22507385851e-308
1278.5,1134,-459.73855109,115.362199674,27.5655348548,1.80040819929,10.147314159,0.404709985611,0.0674580278399,2.22507385851e-308
1279,1134,-446.027891788,121.130287076,27.5814546585,1.76770386622,10.147314159,0.402331505617,0.0675230890592,2.22507385851e-308
1279.5,1134,-431.198502843,119.971738734,27.6015076752,1.78220289939,10.147314159,0.404244772871,0.0675595307349,2.22507385851e-308
1280,1134,-418.549993257,112.14433712,27.6242995887,1.81444001435,10.147314159,0.407844978978,0.0676271417219,2.22507385851e-308
1280.5,1134,-410.896716088,99.3897160225,27.6523842371,1.8750577075,10.147314159,0.413734639006,0.0675738962484,2.22507385851e-308
1281,1134,-409.941561614,84.54583881,27.6798007713,1.93464781725,10.147314159,0.419645382334,0.067568165774,2.22507385851e-308
1281.5,1134,-415.897056211,70.9155381944,27.6996291221,2.01189289438,10.147314159,0.426148964482,0.0676853125556,2.22507385851e-308
1282,1134,-427.438074235,61.5316203691,27.7019967931,2.1285489078,10.147314159,0.435458377712,0.0676734723262,2.22507385851e-308
1282.5,1134,-441.996684725,58.4820513226,27.6677481892,2.20310593922,10.147314159,0.440767978489,0.0676912059945,2.22507385851e-308
1283,1134,-456.333528161,62.4453745552,27.6133068009,2.21110832278,10.147314159,0.440587219223,0.0675843955529,2.22507385851e-308
1283.5,1134,-467.25858924,72.5397319491,27.569953447,2.12809177005,10.147314159,0.432752848642,0.0674737687554,2.22507385851e-308
1284,1134,-472.340990327,86.5190813601,27.551162183,2.01318037531,10.147314159,0.423321218739,0.0674250967144,2.22507385851e-308
1284.5,1134,-470.449873203,101.272951591,27.5505085586,1.88158668229,10.147314159,0.411045041898,0.0674200870584,2.22507385851e-308
1285,1134,-462.00602035,113.518536908,27.5617338287,1.80492763846,10.147314159,0.404937381101,0.0674758529976,2.22507385851e-308
1285.5,1134,-448.888228865,120.531136806,27.5784532175,1.77361772945,10.147314159,0.402641658692,0.0675079485729,2.22507385851e-308
1286,1134,-434.015269241,120.750414721,27.5973780049,1.77807449543,10.147314159,0.403772466276,0.0675711387941,2.22507385851e-308
1286.5,1134,-420.696445165,114.127580283,27.6190106454,1.80261212336,10.147314159,0.406259670552,0.0676418410599,2.22507385851e-308
1287,1134,-411.895257829,102.136245401,27.6454444454,1.8455598977,10.147314159,0.410474014305,0.0676926638395,2.22507385851e-308
1287.5,1134,-409.57001294,87.4445386601,27.6713417597,1.89651266247,10.147314159,0.415716241063,0.0677781520102,2.22507385851e-308
1288,1134,-414.238088454,73.3214341233,27.6955285962,1.98620112987,10.147314159,0.423734673302,0.0677396776887,2.22507385851e-308
1288.5,1134,-424.860815548,62.9093891819,27.704273642,2.10772050204,10.147314159,0.433631463904,0.0676848558108,2.22507385851e-308
1289,1134,-439.074587325,58.5251329581,27.6771373094,2.19850503754,10.147314159,0.440712795387,0.0676868413934,2.22507385851e-308
1289.5,1134,-453.716772506,61.1441831463,27.6244300964,2.21832068552,10.147314159,0.441263274771,0.0676185599566,2.22507385851e-308
1290,1134,-465.529415809,70.1837887233,27.5756159099,2.1423992523,10.147314159,0.434093267009,0.0675356221811,2.22507385851e-308
1290.5,1134,-471.884148366,83.6325948001,27.5531868894,2.03801011761,10.147314159,0.425465982225,0.0673910509385,2.22507385851e-308
1291,1134,-471.367012204,98.4981785747,27.5497217842,1.9129891114,10.147314159,0.414375620109,0.0673947042873,2.22507385851e-308
1291.5,1134,-464.093072558,111.472877523,27.5592898679,1.81974792964,10.147314159,0.406090085516,0.0674631419119,2.22507385851e-308
1292,1134,-451.680815317,119.669759915,27.575416582,1.77797246141,10.147314159,0.402821292723,0.0675024236489,2.22507385851e-308
1292.5,1134,-436.892026277,121.264980748,27.593453922,1.77391075103,10.147314159,0.403426646297,0.0675661755293,2.22507385851e-308
1293,1134,-423.017280772,115.903595859,27.6145479897,1.79588331587,10.147314159,0.405422007908,0.0676571560244,2.22507385851e-308
1293.5,1134,-413.143775135,104.778538681,27.6390049335,1.82830637897,10.147314159,0.408910356477,0.0677836383464,2.22507385851e-308
1294,1134,-409.468410954,90.3651869229,27.6655314493,1.86589291541,10.147314159,0.412706889467,0.0677619084001,2.22507385851e-308
1294.5,1134,-412.808974098,75.8705793515,27.6912302178,1.95796538782,10.147314159,0.420894556755,0.0677409816594,2.22507385851e-308
1295,1134,-422.422173508,64.5198345356,27.7055338667,2.08781288166,10.147314159,0.432196619591,0.0676519723265,2.22507385851e-308
1295.5,1134,-436.16902696,58.8385467482,27.6859772132,2.19032156815,10.147314159,0.440401313916,0.0676811760732,2.22507385851e-308
1296,1134,-450.990794706,60.0908293259,27.6355950415,2.22262127608,10.147314159,0.44174016859,0.0676448173045,2.22507385851e-308
1296.5,1134,-463.589563494,67.998043487,27.5829701768,2.16010088466,10.147314159,0.435722535114,0.0675465229499,2.22507385851e-308
1297,1134,-471.16204783,80.8007967751,27.5543878516,2.04637562002,10.147314159,0.425809340734,0.0674398733623,2.22507385851e-308
1297.5,1134,-472.023334222,95.6504161817,27.5500788294,1.9469952397,10.147314159,0.417786836883,0.0673317935208,2.22507385851e-308
1298,1134,-465.981782385,109.24279133,27.5567210101,1.83485042397,10.147314159,0.407323364618,0.0674605761124,2.22507385851e-308
1298.5,1134,-454.381666105,118.553554621,27.5722248278,1.78391521677,10.147314159,0.403190218429,0.0674990976642,2.22507385851e-308
1299,1134,-439.804065984,121.511017297,27.5892931033,1.76468483007,10.147314159,0.402326579021,0.0675613030761,2.22507385851e-308
1299.5,1134,-425.492566824,117.457129959,27.6100178232,1.78859411004,10.147314159,0.404746618569,0.0676343709718,2.22507385851e-308
1300,1134,-414.631544708,107.293901664,27.6346553959,1.82607545123,10.147314159,0.409153155992,0.0677138557318,2.22507385851e-308
1300.5,1134,-409.637628298,93.2826986588,27.6619568601,1.88014404791,10.147314159,0.414286610517,0.0677943471207,2.22507385851e-308
1301,1134,-411.621987556,78.5410797144,27.6904449371,1.9705985758,10.147314159,0.422278812601,0.0676511919558,2.22507385851e-308
1301.5,1134,-420.143093185,66.3491245955,27.7048277779,2.06073448213,10.147314159,0.430079027863,0.0676414201066,2.22507385851e-308
1302,1134,-433.304958982,59.4196008365,27.693176889,2.17454446467,10.147314159,0.43923414472,0.0676569517744,2.22507385851e-308
1302.5,1134,-448.179007709,59.2943601665,27.6464483428,2.22168218184,10.147314159,0.441851497991,0.0676612115824,2.22507385851e-308
1303,1134,-461.455693351,66.0012692255,27.5915159598,2.1801693306,10.147314159,0.437589049801,0.0675536309339,2.22507385851e-308
1303.5,1134,-470.180890715,78.0480091054,27.55918514,2.08199869784,10.147314159,0.428606448917,0.0674670467818,2.22507385851e-308
1304,1134,-472.413202222,92.7541233476,27.5478558895,1.95460831884,10.147314159,0.418000061491,0.0674148035045,2.22507385851e-308
1304.5,1134,-467.655928031,106.847432151,27.554469031,1.85542562115,10.147314159,0.408860992483,0.0674168910816,2.22507385851e-308
1305,1134,-456.967584092,117.192107817,27.568915295,1.79111690109,10.147314159,0.403800960184,0.0674752883235,2.22507385851e-308
1305.5,1134,-442.72637736,121.486411204,27.5850226638,1.76173793903,10.147314159,0.401886750557,0.0675501226142,2.22507385851e-308
1306,1134,-428.10104352,118.774839548,27.6056345975,1.78294240855,10.147314159,0.404310224151,0.0676017695582,2.22507385851e-308
1306.5,1134,-416.345788353,109.660730336,27.6299391084,1.81941388719,10.147314159,0.408571282062,0.0676390173968,2.22507385851e-308
1307,1134,-410.076211594,96.1720158673,27.6583459279,1.88366727792,10.147314159,0.414954701223,0.0675571882521,2.22507385851e-308
1307.5,1134,-410.687323649,81.309998749,27.6876860564,1.96458818431,10.147314159,0.422292743905,0.067490521891,2.22507385851e-308
1308,1134,-418.043149205,68.3815479076,27.7036479517,2.03917881853,10.147314159,0.428574033645,0.0676434847477,2.22507385851e-308
1308.5,1134,-430.506982371,60.2633046504,27.6987114146,2.15639009441,10.147314159,0.437797634574,0.0676514580129,2.22507385851e-308
1309,1134,-445.305561464,58.7616164031,27.6571437268,2.21751858643,10.147314159,0.441719624536,0.0676810494963,2.22507385851e-308
1309.5,1134,-459.146132819,64.2106158856,27.6010658216,2.1996379431,10.147314159,0.439496236834,0.067556050509,2.22507385851e-308
1310,1134,-468.949104009,75.3978750052,27.5649843032,2.11846775031,10.147314159,0.431909986892,0.0674394013738,2.22507385851e-308
1310.5,1134,-472.533267696,89.8341758274,27.5475459549,1.96165234861,10.147314159,0.418392160246,0.0674163002516,2.22507385851e-308
1311,1134,-469.101130551,104.30737331,27.5526507284,1.88091096094,10.147314159,0.411128820156,0.0674002154768,2.22507385851e-308
1311.5,1134,-459.416359279,115.597112731,27.5655291094,1.79919478884,10.147314159,0.404573557215,0.0674549227059,2.22507385851e-308
1312,1134,-445.633861182,121.191373805,27.5816146673,1.76767224035,10.147314159,0.402327956828,0.0675229916839,2.22507385851e-308
1312.5,1134,-430.820307109,119.845407049,27.6020529412,1.78298537118,10.147314159,0.404323179623,0.0675566429016,2.22507385851e-308
1313,1134,-418.271782731,111.858696417,27.625390152,1.81629199359,10.147314159,0.408088481603,0.0676218181937,2.22507385851e-308
1313.5,1134,-410.780393925,99.0083227058,27.6538827856,1.87821415997,10.147314159,0.414100384524,0.0675527950827,2.22507385851e-308
1314,1134,-410.013010044,84.1535546919,27.6816873507,1.9414063848,10.147314159,0.420284380337,0.0675365570724,2.22507385851e-308
1314.5,1134,-416.140377621,70.5996483419,27.7010747768,2.01841926082,10.147314159,0.426711712697,0.0676792916956,2.22507385851e-308
1315,1134,-427.799128463,61.3624117647,27.7026148648,2.13672610067,10.147314159,0.436142133693,0.0676711419984,2.22507385851e-308
1315.5,1134,-442.395135502,58.4971736791,27.6670667767,2.2114387919,10.147314159,0.441415010592,0.0676886532593,2.22507385851e-308
1316,1134,-456.68071831,62.6414630769,27.6117706004,2.2163474437,10.147314159,0.44097214141,0.0675783035672,2.22507385851e-308
1316.5,1134,-467.477267313,72.8731560149,27.5688434966,2.13166501683,10.147314159,0.432986521519,0.0674548674328,2.22507385851e-308
1317,1134,-472.382499423,86.9156525422,27.5503162514,2.01299580445,10.147314159,0.423215529585,0.0674180176813,2.22507385851e-308
1317.5,1134,-470.304977352,101.644430931,27.5506871118,1.88868761276,10.147314159,0.411640264249,0.0674182958473,2.22507385851e-308
1318,1134,-461.706959562,113.7822685,27.5618918655,1.80811400268,10.147314159,0.405178999172,0.0674637585451,2.22507385851e-308
1318.5,1134,-448.501545576,120.628439125,27.5787095042,1.77714158924,10.147314159,0.402952975623,0.0674989164127,2.22507385851e-308
1319,1134,-433.627002308,120.659637544,27.598189178,1.78256243693,10.147314159,0.404136881801,0.0675608844621,2.22507385851e-308
1319.5,1134,-420.392985812,113.86892196,27.6205200269,1.80913851763,10.147314159,0.406870236581,0.0676346606452,2.22507385851e-308
1320,1134,-411.744127194,101.767258629,27.6475552661,1.85744279131,10.147314159,0.411595935798,0.0676706283658,2.22507385851e-308
1320.5,1134,-409.604838302,87.0473247358,27.6735436031,1.90858617325,10.147314159,0.41682940516,0.0677598006961,2.22507385851e-308
1321,1134,-414.451121007,72.9843750198,27.6975527527,1.99806295598,10.147314159,0.424769546695,0.0677238442914,2.22507385851e-308
1321.5,1134,-425.204654542,62.7074821399,27.7055495882,2.12174787207,10.147314159,0.434807500169,0.0676741233481,2.22507385851e-308
1322,1134,-439.472726963,58.5033032471,27.6770076272,2.21192512164,10.147314159,0.441770362341,0.0676803422762,2.22507385851e-308
1322.5,1134,-454.08062484,61.30728798,27.6234994924,2.22968480691,10.147314159,0.442171450052,0.0676021850377,2.22507385851e-308
1323,1134,-465.778021977,70.4955365066,27.5750183727,2.15208144575,10.147314159,0.434848357517,0.0675190731388,2.22507385851e-308
1323.5,1134,-471.962192324,84.0236201805,27.5532444613,2.04653423136,10.147314159,0.426126686607,0.0673746795667,2.22507385851e-308
1324,1134,-471.257128803,98.8814765602,27.5498925219,1.91782229566,10.147314159,0.414534141759,0.0673970502549,2.22507385851e-308
1324.5,1134,-463.819711373,111.763162503,27.5599510744,1.82816488884,10.147314159,0.40676347107,0.0674469691315,2.22507385851e-308
1325,1134,-451.304800501,119.802442113,27.5762212884,1.78755337579,10.147314159,0.403630043728,0.0674821134003,2.22507385851e-308
1325.5,1134,-436.497022901,121.210537748,27.59468927,1.78420256438,10.147314159,0.404316091803,0.0675458113465,2.22507385851e-308
1326,1134,-422.69117895,115.674141486,27.6163725839,1.80825089479,10.147314159,0.406525009098,0.0676318968717,2.22507385851e-308
1326.5,1134,-412.959134062,104.425127615,27.6409512042,1.84037017658,10.147314159,0.409870769395,0.0677572312639,2.22507385851e-308
1327,1134,-409.466314139,89.9664547937,27.6677299653,1.88186024177,10.147314159,0.414094266729,0.0677409445904,2.22507385851e-308
1327.5,1134,-412.989888093,75.515245939,27.6932032736,1.97710778788,10.147314159,0.422628498736,0.0677291875729,2.22507385851e-308
1328,1134,-422.745844095,64.2869632005,27.7069000601,2.10692135705,10.147314159,0.433758576263,0.0676382917852,2.22507385851e-308
1328.5,1134,-436.563435907,58.7799524613,27.6863845406,2.2105305635,10.147314159,0.442059357602,0.0676653385078,2.22507385851e-308
1329,1134,-451.368184161,60.2195495924,27.6354204295,2.23959146932,10.147314159,0.443087074646,0.0676253512216,2.22507385851e-308
1329.5,1134,-463.865962523,68.2854374403,27.5832736989,2.17494832391,10.147314159,0.436912138971,0.0675215319607,2.22507385851e-308
1330,1134,-471.275956345,81.1829179048,27.5554807123,2.06044198354,10.147314159,0.427046022181,0.0674126792483,2.22507385851e-308
1330.5,1134,-471.949407041,96.0422407335,27.5514533118,1.9589442624,10.147314159,0.418760601767,0.0673096177179,2.22507385851e-308
1331,1134,-465.736468654,109.557136492,27.5583066324,1.84853626669,10.147314159,0.408459269405,0.0674408364815,2.22507385851e-308
1331.5,1134,-454.019549288,118.720477113,27.573855811,1.79850036183,10.147314159,0.40444552535,0.0674691784933,2.22507385851e-308
1332,1134,-439.40571878,121.493376076,27.5912178526,1.78142912269,10.147314159,0.403806241743,0.067528277376,2.22507385851e-308
1332.5,1134,-425.146623366,117.258850279,27.6122049799,1.80703081216,10.147314159,0.406336952377,0.0676119354281,2.22507385851e-308
1333,1134,-414.414979047,106.959101691,27.6367602496,1.84535695219,10.147314159,0.410770341672,0.0677003205849,2.22507385851e-308
1333.5,1134,-409.598627315,92.8858729655,27.6632925867,1.89593376302,10.147314159,0.415543430509,0.0677713622586,2.22507385851e-308
1334,1134,-411.769229154,78.1705238897,27.6917883854,1.98770939623,10.147314159,0.423654289197,0.0676296235252,2.22507385851e-308
1334.5,1134,-420.443815415,66.0872890586,27.7063064462,2.08619040872,10.147314159,0.432227569639,0.0676089563019,2.22507385851e-308
1335,1134,-433.692249727,59.3247452297,27.6937558681,2.19842406574,10.147314159,0.441196652225,0.0676326784659,2.22507385851e-308
1335.5,1134,-448.566692952,59.3875903099,27.646886519,2.24288958863,10.147314159,0.443571669323,0.0676308737309,2.22507385851e-308
1336,1134,-461.757511297,66.2618409723,27.592625863,2.19729438512,10.147314159,0.438978127858,0.0675233369549,2.22507385851e-308
1336.5,1134,-470.329685446,78.4179440125,27.5607605237,2.09212739204,10.147314159,0.429451988165,0.0674297326682,2.22507385851e-308
1337,1134,-472.375866209,93.1511091529,27.5508805982,1.97439999945,10.147314159,0.419841142559,0.0673763854368,2.22507385851e-308
1337.5,1134,-467.440768713,107.18313764,27.5572285904,1.87161914051,10.147314159,0.410339400967,0.0673879664768,2.22507385851e-308
1338,1134,-456.622475433,117.391836934,27.5716645678,1.81002126742,10.147314159,0.405458971323,0.067440888591,2.22507385851e-308
1338.5,1134,-442.328107664,121.505723279,27.5875381086,1.7805682776,10.147314159,0.403540673085,0.0675135393393,2.22507385851e-308
1339,1134,-427.738229674,118.609437553,27.608042108,1.80463859894,10.147314159,0.406196334241,0.067572286389,2.22507385851e-308
1339.5,1134,-416.099158149,109.347416995,27.6322441233,1.8436644066,10.147314159,0.410721764347,0.0676079741098,2.22507385851e-308
1340,1134,-410.000641416,95.7805048768,27.6599350492,1.90538844117,10.147314159,0.416778008779,0.0675522296642,2.22507385851e-308
1340.5,1134,-410.799628219,80.9274031516,27.6890735458,1.98880491882,10.147314159,0.424321055607,0.0674699609923,2.22507385851e-308
1341,1134,-418.318340226,68.0929970289,27.7046519832,2.0640589515,10.147314159,0.430613697937,0.0676074457441,2.22507385851e-308
1341.5,1134,-430.883828543,60.1330024221,27.6991086388,2.17948744514,10.147314159,0.439712863653,0.067613919171,2.22507385851e-308
1342,1134,-445.700212735,58.8185556859,27.6575968416,2.23700256106,10.147314159,0.443310815649,0.0676436348477,2.22507385851e-308
1342.5,1134,-459.470777419,64.4421274203,27.6025235474,2.21576686307,10.147314159,0.440839237145,0.0675223586446,2.22507385851e-308
1343,1134,-469.131506984,75.7524463832,27.567599502,2.13423195017,10.147314159,0.433222427058,0.0674174584613,2.22507385851e-308
1343.5,1134,-472.532843524,90.2329132442,27.5507361394,1.97676421218,10.147314159,0.419713225276,0.0673882389111,2.22507385851e-308
1344,1134,-468.91797361,104.66155581,27.5561290918,1.8967811029,10.147314159,0.412537811705,0.0673704401662,2.22507385851e-308
1344.5,1134,-459.091222855,115.827933036,27.5690730554,1.81764594767,10.147314159,0.406190146474,0.067423213107,2.22507385851e-308
1345,1134,-445.239089661,121.247473308,27.5847212786,1.78661237505,10.147314159,0.404017447346,0.0674905996354,2.22507385851e-308
1345.5,1134,-430.443739019,119.714303346,27.6044780379,1.80300896708,10.147314159,0.406075665711,0.0675303295757,2.22507385851e-308
1346,1134,-417.997206248,111.569560702,27.6273517207,1.83794545636,10.147314159,0.410035625822,0.067591357715,2.22507385851e-308
1346.5,1134,-410.668903611,98.6254890377,27.6554316308,1.89913532061,10.147314159,0.415968881506,0.0675068643884,2.22507385851e-308
1347,1134,-410.089413021,83.7622053688,27.6830504151,1.96373024367,10.147314159,0.422172159877,0.067483922889,2.22507385851e-308
1347.5,1134,-416.387673866,70.2868604345,27.7015466596,2.03710711407,10.147314159,0.428230678406,0.0676445837226,2.22507385851e-308
1348,1134,-428.162293394,61.1977820581,27.7024829054,2.15279772593,10.147314159,0.437436803398,0.0676387780768,2.22507385851e-308
1348.5,1134,-442.793363209,58.5173330597,27.6670464663,2.22440883944,10.147314159,0.442456346443,0.0676562955201,2.22507385851e-308
1349,1134,-457.025401249,62.8419259875,27.6125403879,2.2250775875,10.147314159,0.441674973491,0.0675479149285,2.22507385851e-308
1349.5,1134,-467.691711905,73.209318512,27.5712533659,2.14231605246,10.147314159,0.433898942418,0.0674247829883,2.22507385851e-308
1350,1134,-472.418990734,87.3127168843,27.5527452722,2.01881197946,10.147314159,0.423688035735,0.0674007186175,2.22507385851e-308
1350.5,1134,-470.155395892,102.014048428,27.5540366623,1.90357255499,10.147314159,0.412980568811,0.0674061027426,2.22507385851e-308
1351,1134,-461.404587913,114.042197516,27.5653192099,1.81980249804,10.147314159,0.406252920095,0.0674390779081,2.22507385851e-308
1351.5,1134,-448.113662856,120.720844227,27.58184395,1.79101930258,10.147314159,0.404258394397,0.067474819898,2.22507385851e-308
1352,1134,-433.239914252,120.563958161,27.6006430129,1.7978808014,10.147314159,0.405504948004,0.0675376076242,2.22507385851e-308
1352.5,1134,-420.092821338,113.606447206,27.6222400864,1.82430037918,10.147314159,0.408226485854,0.0676160262023,2.22507385851e-308
1353,1134,-411.597674315,101.396390375,27.6490638115,1.87492490547,10.147314159,0.413188104523,0.0676383018242,2.22507385851e-308
1353.5,1134,-409.644683473,86.6505829183,27.6748685169,1.92404955795,10.147314159,0.418242299315,0.0677152965305,2.22507385851e-308
1354,1134,-414.66839849,72.6500365647,27.6981063483,2.00998261191,10.147314159,0.425770377655,0.067699160724,2.22507385851e-308
1354.5,1134,-425.551019073,62.5099389308,27.7051732895,2.12819095785,10.147314159,0.43529451799,0.0676499479767,2.22507385851e-308
1355,1134,-439.871110798,58.4865095801,27.6760623589,2.21294993392,10.147314159,0.441780482195,0.0676601738332,2.22507385851e-308
1355.5,1134,-454.442385697,61.4749805252,27.6230970532,2.22889970133,10.147314159,0.442113260312,0.0675806169353,2.22507385851e-308
1356,1134,-466.022666359,70.8104028815,27.5759243616,2.15191459942,10.147314159,0.434851116962,0.0675032771947,2.22507385851e-308
1356.5,1134,-472.035285701,84.4156011312,27.5549390251,2.0474478177,10.147314159,0.426222052589,0.067367348679,2.22507385851e-308
1357,1134,-471.142407554,99.2633544759,27.5518093034,1.91720823659,10.147314159,0.414363132058,0.0674071744829,2.22507385851e-308
1357.5,1134,-463.542701517,112.049967746,27.5624189666,1.83044885547,10.147314159,0.407012697323,0.0674430998795,2.22507385851e-308
1358,1134,-450.927138038,119.930359163,27.5788570281,1.79401051191,10.147314159,0.404282852908,0.0674736569139,2.22507385851e-308
1358.5,1134,-436.102739511,121.151104458,27.596707019,1.79114159024,10.147314159,0.404952387532,0.0675422445266,2.22507385851e-308
1359,1134,-422.368004547,115.440582044,27.6177367263,1.81418297962,10.147314159,0.407073401839,0.0676253302667,2.22507385851e-308
1359.5,1134,-412.778976476,104.069410098,27.6418506059,1.84138299725,10.147314159,0.409895190239,0.0677431736745,2.22507385851e-308
1360,1134,-409.469259282,89.5677280281,27.6686355423,1.8832958366,10.147314159,0.414218954668,0.0677366154528,2.22507385851e-308
1360.5,1134,-413.175280657,75.162228511,27.6935706158,1.97736023033,10.147314159,0.422712739454,0.0677360154017,2.22507385851e-308
1361,1134,-423.07243336,64.0582031532,27.7063687785,2.10214606467,10.147314159,0.433290573948,0.0676373845171,2.22507385851e-308
1361.5,1134,-436.958554221,58.7263499846,27.684909337,2.20258930969,10.147314159,0.441326172506,0.067662353739,2.22507385851e-308
1362,1134,-451.743915834,60.3530314903,27.6337741976,2.22919476605,10.147314159,0.442196186977,0.0676233136806,2.22507385851e-308
1362.5,1134,-464.138705486,68.5763033607,27.5824383079,2.16544563313,10.147314159,0.436129074096,0.0675223446237,2.22507385851e-308
1363,1134,-471.385024001,81.5664488081,27.5556841995,2.05444967541,10.147314159,0.426669688735,0.0674093997058,2.22507385851e-308
1363.5,1134,-471.870531323,96.4330991843,27.5518463149,1.94926866211,10.147314159,0.417951147137,0.0673142502941,2.22507385851e-308
1364,1134,-465.487199781,109.868354641,27.5592851951,1.84072389858,10.147314159,0.407806721374,0.067450702311,2.22507385851e-308
1364.5,1134,-453.65535076,118.882807454,27.5752069826,1.79479089221,10.147314159,0.404204699708,0.0674773339662,2.22507385851e-308
1365,1134,-439.007626488,121.470699342,27.5924503429,1.77952599828,10.147314159,0.403703415818,0.0675400391139,2.22507385851e-308
1365.5,1134,-424.803214722,117.056212151,27.6131014425,1.80317343537,10.147314159,0.405990213316,0.0676357671351,2.22507385851e-308
1366,1134,-414.202664096,106.621590108,27.6374988792,1.83843780938,10.147314159,0.410125509543,0.0677245757089,2.22507385851e-308
1366.5,1134,-409.564647135,92.4885858466,27.6633451966,1.88203683768,10.147314159,0.414259264339,0.0677802703801,2.22507385851e-308
1367,1134,-411.921144495,77.8018594939,27.6918169642,1.97214508517,10.147314159,0.422190339474,0.0676579088926,2.22507385851e-308
1367.5,1134,-420.747824396,65.8292769534,27.7061963343,2.07519369164,10.147314159,0.431271968337,0.0676211584947,2.22507385851e-308
1368,1134,-434.080708917,59.2347943257,27.692149333,2.18401769727,10.147314159,0.439956790039,0.0676495945801,2.22507385851e-308
1368.5,1134,-448.953168348,59.4857151076,27.6443712964,2.22659268081,10.147314159,0.442175381742,0.0676434997741,2.22507385851e-308
1369,1134,-462.0560103,66.5262082413,27.5902368617,2.18035657994,10.147314159,0.437555364622,0.0675398258047,2.22507385851e-308
1369.5,1134,-470.473790619,78.7897307882,27.5585005626,2.07049130161,10.147314159,0.427612908706,0.0674316408021,2.22507385851e-308
1370,1134,-472.333513472,93.5475911237,27.5502791894,1.96275254738,10.147314159,0.41892317037,0.0673853784008,2.22507385851e-308
1370.5,1134,-467.221381749,107.516095697,27.5567193466,1.85768043968,10.147314159,0.409212054984,0.0674134652742,2.22507385851e-308
1371,1134,-456.274868877,117.587186339,27.5715315553,1.79860476501,10.147314159,0.40448222911,0.0674634983972,2.22507385851e-308
1371.5,1134,-441.929625614,121.519997866,27.5876635205,1.76979021948,10.147314159,0.402622834578,0.0675408026867,2.22507385851e-308
1372,1134,-427.377536267,118.439461161,27.6083488557,1.79352205329,10.147314159,0.405233054217,0.0675968757604,2.22507385851e-308
1372.5,1134,-415.856509369,109.031010172,27.6327473289,1.83003395906,10.147314159,0.409592162251,0.0676265174361,2.22507385851e-308
1373,1134,-409.930027762,95.3880696345,27.6604462712,1.88942740528,10.147314159,0.415388980204,0.0676069058507,2.22507385851e-308
1373.5,1134,-410.916761562,80.5462581825,27.6895742416,1.97540416204,10.147314159,0.423112782667,0.0675219096841,2.22507385851e-308
1374,1134,-418.597157844,67.8079488867,27.7044710543,2.04831745625,10.147314159,0.429241521672,0.067628465578,2.22507385851e-308
1374.5,1134,-431.2622922,60.0074756634,27.6976484842,2.16349367377,10.147314159,0.438365468688,0.0676371078453,2.22507385851e-308
1375,1134,-446.094112484,58.8804806066,27.6547605681,2.21935350416,10.147314159,0.441810110044,0.0676675270453,2.22507385851e-308
1375.5,1134,-459.792468706,64.6777254335,27.5994876615,2.19868675454,10.147314159,0.439409153596,0.0675477657182,2.22507385851e-308
1376,1134,-469.30941198,76.1092958194,27.5648938546,2.11713069164,10.147314159,0.431756841476,0.0674469958874,2.22507385851e-308
1376.5,1134,-472.527377527,90.6316134203,27.5485106062,1.95771915692,10.147314159,0.417991271082,0.0674116695524,2.22507385851e-308
1377,1134,-468.730352832,105.013394055,27.5543817625,1.87808374677,10.147314159,0.410884836173,0.0673870095832,2.22507385851e-308
1377.5,1134,-458.763193803,116.054623681,27.5677655358,1.80252372326,10.147314159,0.404832943971,0.06745184791,2.22507385851e-308
1378,1134,-444.843640348,121.298576615,27.5837589739,1.7710704661,10.147314159,0.402648173894,0.0675251041942,2.22507385851e-308
1378.5,1134,-430.068858781,119.578448589,27.6039669804,1.78734699773,10.147314159,0.404704239835,0.0675608341905,2.22507385851e-308
1379,1134,-417.726307708,111.276976203,27.627250551,1.8217594389,10.147314159,0.408682250847,0.0676191625146,2.22507385851e-308
1379.5,1134,-410.562262972,98.2412762301,27.6556947372,1.88376879706,10.147314159,0.414741317707,0.0675197544713,2.22507385851e-308
1380,1134,-410.170758327,83.3718534141,27.6833280717,1.94931940294,10.147314159,0.421032891958,0.0674886752178,2.22507385851e-308
1380.5,1134,-416.638905404,69.9772244843,27.7012407647,2.0213031369,10.147314159,0.426927953647,0.0676694458603,2.22507385851e-308
1381,1134,-428.527510961,61.0377575722,27.7010865397,2.13841434462,10.147314159,0.436251404063,0.0676701262546,2.22507385851e-308
1381.5,1134,-443.191304173,58.5425262411,27.6643771515,2.20988631768,10.147314159,0.441228748608,0.0676875098473,2.22507385851e-308
1382,1134,-457.367521869,63.0467312345,27.6091663757,2.20797932977,10.147314159,0.440219949244,0.0675743805223,2.22507385851e-308
1382.5,1134,-467.901888728,73.5481656909,27.5683898156,2.12539861354,10.147314159,0.432457698255,0.0674440695747,2.22507385851e-308
1383,1134,-472.450458425,87.7102108992,27.5495939797,1.99489850298,10.147314159,0.421468891775,0.0674260398805,2.22507385851e-308
1383.5,1134,-470.001152742,102.381744985,27.5519472379,1.89001145702,10.147314159,0.411791427866,0.0674251791073,2.22507385851e-308
1384,1134,-461.09895375,114.298282397,27.5635012745,1.80353857814,10.147314159,0.404823548547,0.0674639210044,2.22507385851e-308
1384.5,1134,-447.724642724,120.808337338,27.5802549088,1.77499283024,10.147314159,0.402863274441,0.0675050538752,2.22507385851e-308
1385,1134,-432.854066965,120.463391871,27.599743305,1.78334109388,10.147314159,0.404238660284,0.0675617297243,2.22507385851e-308
1385.5,1134,-419.795999738,113.340197989,27.6218659259,1.81075980592,10.147314159,0.407133753402,0.0676368883366,2.22507385851e-308
1386,1134,-411.455922608,101.023699939,27.6491014302,1.86441376863,10.147314159,0.412382349847,0.0676464178683,2.22507385851e-308
1386.5,1134,-409.689542084,86.254376643,27.6751815593,1.91435472025,10.147314159,0.417526693114,0.0677125543551,2.22507385851e-308
1387,1134,-414.889886165,72.3184722157,27.6978207847,1.99989870945,10.147314159,0.425007515252,0.0677183289764,2.22507385851e-308
1387.5,1134,-425.899853759,62.3167911401,27.7038994568,2.11802032594,10.147314159,0.434472468623,0.0676749532447,2.22507385851e-308
1388,1134,-440.269675133,58.4747546423,27.6735513778,2.20173871871,10.147314159,0.440818574099,0.0676880627879,2.22507385851e-308
1388.5,1134,-454.801997236,61.6472339695,27.620010329,2.21652615186,10.147314159,0.441092187379,0.0676009833936,2.22507385851e-308
1389,1134,-466.263309837,71.1283375038,27.5734045567,2.1392085958,10.147314159,0.433773954259,0.0675143391156,2.22507385851e-308
1389.5,1134,-472.103416809,84.8084749781,27.5526595249,2.0313582438,10.147314159,0.42484849437,0.0673843871005,2.22507385851e-308
1390,1134,-471.022866799,99.6437512629,27.5497486146,1.89980774114,10.147314159,0.412722724964,0.067429190372,2.22507385851e-308
1390.5,1134,-463.262087282,112.333247393,27.5605904516,1.81517116068,10.147314159,0.405670112776,0.0674624102245,2.22507385851e-308
1391,1134,-450.547888314,120.053490613,27.5773474017,1.78083713391,10.147314159,0.40313530155,0.067498061238,2.22507385851e-308
1391.5,1134,-435.70923915,121.086690382,27.5956115662,1.77907796016,10.147314159,0.403885007571,0.0675649068345,2.22507385851e-308
1392,1134,-422.047809236,115.202954877,27.6170691503,1.80398293507,10.147314159,0.406228292242,0.067644369288,2.22507385851e-308
1392.5,1134,-412.603331182,103.711443007,27.6413350478,1.82977172925,10.147314159,0.408884982074,0.0677454232467,2.22507385851e-308
1393,1134,-409.477245913,89.1690703789,27.6682047666,1.87445478024,10.147314159,0.413497982252,0.0677573998511,2.22507385851e-308
1393.5,1134,-413.365122149,74.8115835117,27.6930100217,1.97053162677,10.147314159,0.422237054834,0.0677589009206,2.22507385851e-308
1394,1134,-423.401889085,63.8335909705,27.7051738569,2.09628655691,10.147314159,0.432793987584,0.06766350927,2.22507385851e-308
1394.5,1134,-437.354318726,58.6777478887,27.6827443895,2.19683575268,10.147314159,0.440824223091,0.0676813202731,2.22507385851e-308
1395,1134,-452.11792965,60.4912536769,27.6312544825,2.22265814616,10.147314159,0.441667057644,0.0676381610113,2.22507385851e-308
1395.5,1134,-464.407748774,68.8705947412,27.5801113999,2.15466333139,10.147314159,0.435178450939,0.0675445889148,2.22507385851e-308
1396,1134,-471.489233361,81.9513281619,27.5541359526,2.0448460931,10.147314159,0.425940757145,0.0674136890492,2.22507385851e-308
1396.5,1134,-471.786719679,96.8229290394,27.5503711328,1.93578976847,10.147314159,0.416808817066,0.0673285054749,2.22507385851e-308
1397,1134,-465.23401562,110.176396016,27.5580748355,1.82896478047,10.147314159,0.406779084435,0.0674690735994,2.22507385851e-308
1397.5,1134,-453.289128753,119.040519688,27.5741208449,1.78455097558,10.147314159,0.403339124839,0.0674952765656,2.22507385851e-308
1398,1134,-438.609852759,121.44299072,27.5915147982,1.77108348523,10.147314159,0.40300912041,0.067556959643,2.22507385851e-308
1398.5,1134,-424.462395802,116.849247972,27.6122517863,1.79441253714,10.147314159,0.405215508131,0.0676589867687,2.22507385851e-308
1399,1134,-413.994633803,106.281420878,27.6366356174,1.82898558318,10.147314159,0.409254633448,0.067752173873,2.22507385851e-308
1399.5,1134,-409.53569319,92.0909008248,27.662337068,1.87073699293,10.147314159,0.413202529005,0.0677903085511,2.22507385851e-308
1400,1134,-412.077709289,77.4351454732,27.6906861857,1.96125864994,10.147314159,0.421192490053,0.0676811987293,2.22507385851e-308
